-- MySQL dump 10.13  Distrib 8.0.31, for Linux (x86_64)
--
-- Host: localhost    Database: unipi
-- ------------------------------------------------------
-- Server version	8.0.31-0ubuntu0.20.04.1

/*!40101 SET @OLD_CHARACTER_SET_CLIENT=@@CHARACTER_SET_CLIENT */;
/*!40101 SET @OLD_CHARACTER_SET_RESULTS=@@CHARACTER_SET_RESULTS */;
/*!40101 SET @OLD_COLLATION_CONNECTION=@@COLLATION_CONNECTION */;
/*!50503 SET NAMES utf8mb4 */;
/*!40103 SET @OLD_TIME_ZONE=@@TIME_ZONE */;
/*!40103 SET TIME_ZONE='+00:00' */;
/*!40014 SET @OLD_UNIQUE_CHECKS=@@UNIQUE_CHECKS, UNIQUE_CHECKS=0 */;
/*!40014 SET @OLD_FOREIGN_KEY_CHECKS=@@FOREIGN_KEY_CHECKS, FOREIGN_KEY_CHECKS=0 */;
/*!40101 SET @OLD_SQL_MODE=@@SQL_MODE, SQL_MODE='NO_AUTO_VALUE_ON_ZERO' */;
/*!40111 SET @OLD_SQL_NOTES=@@SQL_NOTES, SQL_NOTES=0 */;

--
-- Current Database: `unipi`
--

CREATE DATABASE /*!32312 IF NOT EXISTS*/ `unipi` /*!40100 DEFAULT CHARACTER SET utf8mb4 COLLATE utf8mb4_0900_ai_ci */ /*!80016 DEFAULT ENCRYPTION='N' */;

USE `unipi`;

--
-- Table structure for table `author`
--

DROP TABLE IF EXISTS `author`;
/*!40101 SET @saved_cs_client     = @@character_set_client */;
/*!50503 SET character_set_client = utf8mb4 */;
CREATE TABLE `author` (
  `id` int NOT NULL AUTO_INCREMENT,
  `first_name` varchar(128) NOT NULL,
  `last_name` varchar(128) NOT NULL,
  `biography` varchar(500) DEFAULT NULL,
  PRIMARY KEY (`id`)
) ENGINE=InnoDB AUTO_INCREMENT=2 DEFAULT CHARSET=utf8mb4 COLLATE=utf8mb4_0900_ai_ci;
/*!40101 SET character_set_client = @saved_cs_client */;

--
-- Dumping data for table `author`
--

LOCK TABLES `author` WRITE;
/*!40000 ALTER TABLE `author` DISABLE KEYS */;
INSERT INTO `author` VALUES (1,'First Name','Last Name','Biography here.');
/*!40000 ALTER TABLE `author` ENABLE KEYS */;
UNLOCK TABLES;

--
-- Table structure for table `book`
--

DROP TABLE IF EXISTS `book`;
/*!40101 SET @saved_cs_client     = @@character_set_client */;
/*!50503 SET character_set_client = utf8mb4 */;
CREATE TABLE `book` (
  `id` int NOT NULL AUTO_INCREMENT,
  `title` varchar(128) NOT NULL,
  `price` float NOT NULL,
  `category` varchar(45) NOT NULL,
  `publication_year` int NOT NULL,
  `num_pages` int NOT NULL,
  `publisher_id` int NOT NULL,
  `quantity` int NOT NULL,
  PRIMARY KEY (`id`),
  UNIQUE KEY `book_title_unique` (`title`),
  KEY `fk_book_publisher` (`publisher_id`),
  CONSTRAINT `fk_book_publisher` FOREIGN KEY (`publisher_id`) REFERENCES `publisher` (`id`)
) ENGINE=InnoDB AUTO_INCREMENT=198 DEFAULT CHARSET=utf8mb4 COLLATE=utf8mb4_0900_ai_ci;
/*!40101 SET character_set_client = @saved_cs_client */;

--
-- Dumping data for table `book`
--

LOCK TABLES `book` WRITE;
/*!40000 ALTER TABLE `book` DISABLE KEYS */;
INSERT INTO `book` VALUES (100,'Book 2',19.99,'Computer Science',2022,999,1,100),(101,'Book 3',19.99,'Computer Science',2022,999,1,100),(102,'Book 4',19.99,'Computer Science',2022,999,1,100),(103,'Book 5',19.99,'Computer Science',2022,999,1,100),(104,'Book 6',19.99,'Computer Science',2022,999,1,100),(105,'Book 7',19.99,'Computer Science',2022,999,1,100),(106,'Book 8',19.99,'Computer Science',2022,999,1,100),(107,'Book 9',19.99,'Computer Science',2022,999,1,100),(108,'Book 10',19.99,'Computer Science',2022,999,1,100),(109,'Book 11',19.99,'Computer Science',2022,999,1,100),(110,'Book 12',19.99,'Computer Science',2022,999,1,100),(111,'Book 13',19.99,'Computer Science',2022,999,1,100),(112,'Book 14',19.99,'Computer Science',2022,999,1,100),(113,'Book 15',19.99,'Computer Science',2022,999,1,100),(114,'Book 16',19.99,'Computer Science',2022,999,1,100),(115,'Book 17',19.99,'Computer Science',2022,999,1,100),(116,'Book 18',19.99,'Computer Science',2022,999,1,100),(117,'Book 19',19.99,'Computer Science',2022,999,1,100),(118,'Book 20',19.99,'Computer Science',2022,999,1,100),(119,'Book 21',19.99,'Computer Science',2022,999,1,100),(120,'Book 22',19.99,'Computer Science',2022,999,1,100),(121,'Book 23',19.99,'Computer Science',2022,999,1,100),(122,'Book 24',19.99,'Computer Science',2022,999,1,100),(123,'Book 25',19.99,'Computer Science',2022,999,1,100),(124,'Book 26',19.99,'Computer Science',2022,999,1,100),(125,'Book 27',19.99,'Computer Science',2022,999,1,100),(126,'Book 28',19.99,'Computer Science',2022,999,1,100),(127,'Book 29',19.99,'Computer Science',2022,999,1,100),(128,'Book 30',19.99,'Computer Science',2022,999,1,100),(129,'Book 31',19.99,'Computer Science',2022,999,1,100),(130,'Book 32',19.99,'Computer Science',2022,999,1,100),(131,'Book 33',19.99,'Computer Science',2022,999,1,100),(132,'Book 34',19.99,'Computer Science',2022,999,1,100),(133,'Book 35',19.99,'Computer Science',2022,999,1,100),(134,'Book 36',19.99,'Computer Science',2022,999,1,100),(135,'Book 37',19.99,'Computer Science',2022,999,1,100),(136,'Book 38',19.99,'Computer Science',2022,999,1,100),(137,'Book 39',19.99,'Computer Science',2022,999,1,100),(138,'Book 40',19.99,'Computer Science',2022,999,1,100),(139,'Book 41',19.99,'Computer Science',2022,999,1,100),(140,'Book 42',19.99,'Computer Science',2022,999,1,100),(141,'Book 43',19.99,'Computer Science',2022,999,1,100),(142,'Book 44',19.99,'Computer Science',2022,999,1,100),(143,'Book 45',19.99,'Computer Science',2022,999,1,100),(144,'Book 46',19.99,'Computer Science',2022,999,1,100),(145,'Book 47',19.99,'Computer Science',2022,999,1,100),(146,'Book 48',19.99,'Computer Science',2022,999,1,100),(147,'Book 49',19.99,'Computer Science',2022,999,1,100),(148,'Book 50',19.99,'Computer Science',2022,999,1,100),(149,'Book 51',19.99,'Computer Science',2022,999,1,100),(150,'Book 52',19.99,'Computer Science',2022,999,1,100),(151,'Book 53',19.99,'Computer Science',2022,999,1,100),(152,'Book 54',19.99,'Computer Science',2022,999,1,100),(153,'Book 55',19.99,'Computer Science',2022,999,1,100),(154,'Book 56',19.99,'Computer Science',2022,999,1,100),(155,'Book 57',19.99,'Computer Science',2022,999,1,100),(156,'Book 58',19.99,'Computer Science',2022,999,1,100),(157,'Book 59',19.99,'Computer Science',2022,999,1,100),(158,'Book 60',19.99,'Computer Science',2022,999,1,100),(159,'Book 61',19.99,'Computer Science',2022,999,1,100),(160,'Book 62',19.99,'Computer Science',2022,999,1,100),(161,'Book 63',19.99,'Computer Science',2022,999,1,100),(162,'Book 64',19.99,'Computer Science',2022,999,1,100),(163,'Book 65',19.99,'Computer Science',2022,999,1,100),(164,'Book 66',19.99,'Computer Science',2022,999,1,100),(165,'Book 67',19.99,'Computer Science',2022,999,1,100),(166,'Book 68',19.99,'Computer Science',2022,999,1,100),(167,'Book 69',19.99,'Computer Science',2022,999,1,100),(168,'Book 70',19.99,'Computer Science',2022,999,1,100),(169,'Book 71',19.99,'Computer Science',2022,999,1,100),(170,'Book 72',19.99,'Computer Science',2022,999,1,100),(171,'Book 73',19.99,'Computer Science',2022,999,1,100),(172,'Book 74',19.99,'Computer Science',2022,999,1,100),(173,'Book 75',19.99,'Computer Science',2022,999,1,100),(174,'Book 76',19.99,'Computer Science',2022,999,1,100),(175,'Book 77',19.99,'Computer Science',2022,999,1,100),(176,'Book 78',19.99,'Computer Science',2022,999,1,100),(177,'Book 79',19.99,'Computer Science',2022,999,1,100),(178,'Book 80',19.99,'Computer Science',2022,999,1,100),(179,'Book 81',19.99,'Computer Science',2022,999,1,100),(180,'Book 82',19.99,'Computer Science',2022,999,1,100),(181,'Book 83',19.99,'Computer Science',2022,999,1,100),(182,'Book 84',19.99,'Computer Science',2022,999,1,100),(183,'Book 85',19.99,'Computer Science',2022,999,1,100),(184,'Book 86',19.99,'Computer Science',2022,999,1,100),(185,'Book 87',19.99,'Computer Science',2022,999,1,100),(186,'Book 88',19.99,'Computer Science',2022,999,1,100),(187,'Book 89',19.99,'Computer Science',2022,999,1,100),(188,'Book 90',19.99,'Computer Science',2022,999,1,100),(189,'Book 91',19.99,'Computer Science',2022,999,1,100),(190,'Book 92',19.99,'Computer Science',2022,999,1,100),(191,'Book 93',19.99,'Computer Science',2022,999,1,100),(192,'Book 94',19.99,'Computer Science',2022,999,1,100),(193,'Book 95',19.99,'Computer Science',2022,999,1,100),(194,'Book 96',19.99,'Computer Science',2022,999,1,100),(195,'Book 97',19.99,'Computer Science',2022,999,1,100),(196,'Book 98',19.99,'Computer Science',2022,999,1,100),(197,'Book 99',19.99,'Computer Science',2022,999,1,100);
/*!40000 ALTER TABLE `book` ENABLE KEYS */;
UNLOCK TABLES;

--
-- Table structure for table `book_has_author`
--

DROP TABLE IF EXISTS `book_has_author`;
/*!40101 SET @saved_cs_client     = @@character_set_client */;
/*!50503 SET character_set_client = utf8mb4 */;
CREATE TABLE `book_has_author` (
  `author_id` int NOT NULL,
  `book_id` int NOT NULL,
  PRIMARY KEY (`author_id`,`book_id`),
  KEY `fk_book_has_author_001` (`book_id`),
  CONSTRAINT `fk_book_has_author_001` FOREIGN KEY (`book_id`) REFERENCES `book` (`id`),
  CONSTRAINT `fk_book_has_author_002` FOREIGN KEY (`author_id`) REFERENCES `author` (`id`)
) ENGINE=InnoDB DEFAULT CHARSET=utf8mb4 COLLATE=utf8mb4_0900_ai_ci;
/*!40101 SET character_set_client = @saved_cs_client */;

--
-- Dumping data for table `book_has_author`
--

LOCK TABLES `book_has_author` WRITE;
/*!40000 ALTER TABLE `book_has_author` DISABLE KEYS */;
INSERT INTO `book_has_author` VALUES (1,100),(1,101),(1,102),(1,103),(1,104),(1,105),(1,106),(1,107),(1,108),(1,109),(1,110),(1,111),(1,112),(1,113),(1,114),(1,115),(1,116),(1,117),(1,118),(1,119),(1,120),(1,121),(1,122),(1,123),(1,124),(1,125),(1,126),(1,127),(1,128),(1,129),(1,130),(1,131),(1,132),(1,133),(1,134),(1,135),(1,136),(1,137),(1,138),(1,139),(1,140),(1,141),(1,142),(1,143),(1,144),(1,145),(1,146),(1,147),(1,148),(1,149),(1,150),(1,151),(1,152),(1,153),(1,154),(1,155),(1,156),(1,157),(1,158),(1,159),(1,160),(1,161),(1,162),(1,163),(1,164),(1,165),(1,166),(1,167),(1,168),(1,169),(1,170),(1,171),(1,172),(1,173),(1,174),(1,175),(1,176),(1,177),(1,178),(1,179),(1,180),(1,181),(1,182),(1,183),(1,184),(1,185),(1,186),(1,187),(1,188),(1,189),(1,190),(1,191),(1,192),(1,193),(1,194),(1,195),(1,196),(1,197);
/*!40000 ALTER TABLE `book_has_author` ENABLE KEYS */;
UNLOCK TABLES;

--
-- Table structure for table `company`
--

DROP TABLE IF EXISTS `company`;
/*!40101 SET @saved_cs_client     = @@character_set_client */;
/*!50503 SET character_set_client = utf8mb4 */;
CREATE TABLE `company` (
  `id` int NOT NULL AUTO_INCREMENT,
  `name` varchar(20) DEFAULT NULL,
  `address` varchar(100) DEFAULT NULL,
  `employee_count` int DEFAULT NULL,
  `website` varchar(100) DEFAULT NULL,
  PRIMARY KEY (`id`)
) ENGINE=InnoDB AUTO_INCREMENT=22 DEFAULT CHARSET=utf8mb4 COLLATE=utf8mb4_0900_ai_ci;
/*!40101 SET character_set_client = @saved_cs_client */;

--
-- Dumping data for table `company`
--

LOCK TABLES `company` WRITE;
/*!40000 ALTER TABLE `company` DISABLE KEYS */;
/*!40000 ALTER TABLE `company` ENABLE KEYS */;
UNLOCK TABLES;

--
-- Table structure for table `ec_beer`
--

DROP TABLE IF EXISTS `ec_beer`;
/*!40101 SET @saved_cs_client     = @@character_set_client */;
/*!50503 SET character_set_client = utf8mb4 */;
CREATE TABLE `ec_beer` (
  `product_id` int NOT NULL,
  `ingredients` text NOT NULL,
  `alcolhol_percentage` float NOT NULL,
  `liquid_volume_in_ml` int DEFAULT NULL,
  PRIMARY KEY (`product_id`),
  CONSTRAINT `fk_beer_product1` FOREIGN KEY (`product_id`) REFERENCES `ec_product` (`id`)
) ENGINE=InnoDB DEFAULT CHARSET=utf8mb4 COLLATE=utf8mb4_0900_ai_ci;
/*!40101 SET character_set_client = @saved_cs_client */;

--
-- Dumping data for table `ec_beer`
--

LOCK TABLES `ec_beer` WRITE;
/*!40000 ALTER TABLE `ec_beer` DISABLE KEYS */;
INSERT INTO `ec_beer` VALUES (23,'Ingredient {i}\nIngredient {i}\nIngredient {i}\nIngredient {i}\nIngredient {i}\nIngredient {i}',0.3,500),(24,'Ingredient {i}\nIngredient {i}\nIngredient {i}\nIngredient {i}',0.3,500),(25,'Ingredient {i}\nIngredient {i}\nIngredient {i}\nIngredient {i}\nIngredient {i}\nIngredient {i}',0.3,500),(26,'Ingredient {i}\nIngredient {i}\nIngredient {i}\nIngredient {i}\nIngredient {i}\nIngredient {i}\nIngredient {i}\nIngredient {i}',0.3,500),(27,'Ingredient {i}\nIngredient {i}\nIngredient {i}\nIngredient {i}\nIngredient {i}',0.3,500),(28,'Ingredient {i}\nIngredient {i}\nIngredient {i}\nIngredient {i}',0.3,500),(29,'Ingredient {i}\nIngredient {i}\nIngredient {i}\nIngredient {i}\nIngredient {i}\nIngredient {i}',0.3,500),(30,'Ingredient {i}\nIngredient {i}\nIngredient {i}\nIngredient {i}',0.3,500),(31,'Ingredient {i}\nIngredient {i}\nIngredient {i}\nIngredient {i}\nIngredient {i}\nIngredient {i}\nIngredient {i}',0.3,500),(32,'Ingredient {i}\nIngredient {i}\nIngredient {i}\nIngredient {i}\nIngredient {i}\nIngredient {i}',0.3,500),(33,'Ingredient {i}\nIngredient {i}\nIngredient {i}\nIngredient {i}\nIngredient {i}\nIngredient {i}\nIngredient {i}',0.3,500),(34,'Ingredient {i}\nIngredient {i}\nIngredient {i}\nIngredient {i}\nIngredient {i}\nIngredient {i}\nIngredient {i}\nIngredient {i}',0.3,500),(35,'Ingredient {i}\nIngredient {i}\nIngredient {i}\nIngredient {i}',0.3,500),(36,'Ingredient {i}\nIngredient {i}\nIngredient {i}\nIngredient {i}\nIngredient {i}',0.3,500),(37,'Ingredient {i}\nIngredient {i}\nIngredient {i}\nIngredient {i}\nIngredient {i}\nIngredient {i}\nIngredient {i}\nIngredient {i}',0.3,500),(38,'Ingredient {i}\nIngredient {i}\nIngredient {i}\nIngredient {i}',0.3,500),(39,'Ingredient {i}\nIngredient {i}\nIngredient {i}\nIngredient {i}\nIngredient {i}',0.3,500),(40,'Ingredient {i}\nIngredient {i}\nIngredient {i}\nIngredient {i}\nIngredient {i}\nIngredient {i}\nIngredient {i}\nIngredient {i}',0.3,500),(41,'Ingredient {i}\nIngredient {i}\nIngredient {i}\nIngredient {i}\nIngredient {i}\nIngredient {i}\nIngredient {i}',0.3,500),(42,'Ingredient {i}\nIngredient {i}\nIngredient {i}\nIngredient {i}\nIngredient {i}\nIngredient {i}',0.3,500),(43,'Ingredient {i}\nIngredient {i}\nIngredient {i}\nIngredient {i}',0.3,500),(44,'Ingredient {i}\nIngredient {i}\nIngredient {i}\nIngredient {i}',0.3,500),(45,'Ingredient {i}\nIngredient {i}\nIngredient {i}\nIngredient {i}\nIngredient {i}\nIngredient {i}',0.3,500),(46,'Ingredient {i}\nIngredient {i}\nIngredient {i}\nIngredient {i}\nIngredient {i}',0.3,500),(47,'Ingredient {i}\nIngredient {i}\nIngredient {i}\nIngredient {i}',0.3,500),(48,'Ingredient {i}\nIngredient {i}\nIngredient {i}\nIngredient {i}',0.3,500),(49,'Ingredient {i}\nIngredient {i}\nIngredient {i}\nIngredient {i}\nIngredient {i}\nIngredient {i}\nIngredient {i}\nIngredient {i}',0.3,500),(50,'Ingredient {i}\nIngredient {i}\nIngredient {i}\nIngredient {i}\nIngredient {i}\nIngredient {i}\nIngredient {i}',0.3,500),(51,'Ingredient {i}\nIngredient {i}\nIngredient {i}\nIngredient {i}\nIngredient {i}',0.3,500),(52,'Ingredient {i}\nIngredient {i}\nIngredient {i}\nIngredient {i}\nIngredient {i}\nIngredient {i}\nIngredient {i}\nIngredient {i}',0.3,500),(53,'Ingredient {i}\nIngredient {i}\nIngredient {i}\nIngredient {i}\nIngredient {i}',0.3,500),(54,'Ingredient {i}\nIngredient {i}\nIngredient {i}\nIngredient {i}\nIngredient {i}\nIngredient {i}',0.3,500),(55,'Ingredient {i}\nIngredient {i}\nIngredient {i}\nIngredient {i}\nIngredient {i}\nIngredient {i}',0.3,500),(56,'Ingredient {i}\nIngredient {i}\nIngredient {i}\nIngredient {i}\nIngredient {i}\nIngredient {i}\nIngredient {i}\nIngredient {i}',0.3,500),(57,'Ingredient {i}\nIngredient {i}\nIngredient {i}\nIngredient {i}\nIngredient {i}',0.3,500),(58,'Ingredient {i}\nIngredient {i}\nIngredient {i}\nIngredient {i}',0.3,500),(59,'Ingredient {i}\nIngredient {i}\nIngredient {i}\nIngredient {i}\nIngredient {i}\nIngredient {i}\nIngredient {i}',0.3,500),(60,'Ingredient {i}\nIngredient {i}\nIngredient {i}\nIngredient {i}\nIngredient {i}',0.3,500),(61,'Ingredient {i}\nIngredient {i}\nIngredient {i}\nIngredient {i}\nIngredient {i}\nIngredient {i}',0.3,500),(62,'Ingredient {i}\nIngredient {i}\nIngredient {i}\nIngredient {i}\nIngredient {i}',0.3,500),(63,'Ingredient {i}\nIngredient {i}\nIngredient {i}\nIngredient {i}\nIngredient {i}\nIngredient {i}',0.3,500),(64,'Ingredient {i}\nIngredient {i}\nIngredient {i}\nIngredient {i}\nIngredient {i}\nIngredient {i}',0.3,500),(65,'Ingredient {i}\nIngredient {i}\nIngredient {i}\nIngredient {i}',0.3,500),(66,'Ingredient {i}\nIngredient {i}\nIngredient {i}\nIngredient {i}\nIngredient {i}\nIngredient {i}',0.3,500),(67,'Ingredient {i}\nIngredient {i}\nIngredient {i}\nIngredient {i}\nIngredient {i}\nIngredient {i}\nIngredient {i}\nIngredient {i}',0.3,500),(68,'Ingredient {i}\nIngredient {i}\nIngredient {i}\nIngredient {i}\nIngredient {i}',0.3,500),(69,'Ingredient {i}\nIngredient {i}\nIngredient {i}\nIngredient {i}\nIngredient {i}\nIngredient {i}\nIngredient {i}',0.3,500),(70,'Ingredient {i}\nIngredient {i}\nIngredient {i}\nIngredient {i}',0.3,500);
/*!40000 ALTER TABLE `ec_beer` ENABLE KEYS */;
UNLOCK TABLES;

--
-- Table structure for table `ec_book`
--

DROP TABLE IF EXISTS `ec_book`;
/*!40101 SET @saved_cs_client     = @@character_set_client */;
/*!50503 SET character_set_client = utf8mb4 */;
CREATE TABLE `ec_book` (
  `product_id` int NOT NULL,
  `summary` text NOT NULL,
  `language` varchar(45) NOT NULL,
  `number_pages` int NOT NULL,
  PRIMARY KEY (`product_id`),
  CONSTRAINT `fk_Book_product1` FOREIGN KEY (`product_id`) REFERENCES `ec_product` (`id`)
) ENGINE=InnoDB DEFAULT CHARSET=utf8mb4 COLLATE=utf8mb4_0900_ai_ci;
/*!40101 SET character_set_client = @saved_cs_client */;

--
-- Dumping data for table `ec_book`
--

LOCK TABLES `ec_book` WRITE;
/*!40000 ALTER TABLE `ec_book` DISABLE KEYS */;
INSERT INTO `ec_book` VALUES (1,'Labore tempora consectetur quaerat porro dolorem. Quaerat eius dolore amet quiquia aliquam quisquam numquam. Labore ipsum quaerat non numquam dolorem quiquia. Sed dolore dolore ipsum consectetur labore non. Consectetur est quaerat adipisci.','English',310),(2,'Labore quaerat ut modi numquam. Quiquia aliquam eius quisquam velit consectetur. Consectetur porro eius dolore quisquam neque. Quisquam dolore non sit neque labore. Est consectetur dolorem dolorem magnam ipsum dolore sed. Numquam neque non eius.','English',435),(3,'Eius quiquia quaerat eius velit. Dolor voluptatem ut est. Velit est magnam non quiquia magnam sit quisquam. Eius quisquam dolor eius quisquam. Ipsum amet neque magnam quisquam consectetur. Velit ipsum est ut etincidunt porro tempora voluptatem. Eius labore numquam modi. Adipisci porro etincidunt sed aliquam. Non dolore adipisci labore est non. Aliquam consectetur consectetur adipisci dolorem consectetur.','English',209),(4,'Eius aliquam tempora non consectetur neque. Dolor quaerat dolorem aliquam eius dolore eius. Dolor eius ut est dolorem. Adipisci dolore quiquia eius aliquam. Non quisquam ut etincidunt ut adipisci sit. Quisquam dolorem dolorem quaerat etincidunt dolore. Sed sed dolor est.','English',181),(5,'Tempora dolore sed quisquam consectetur adipisci sed numquam. Eius non dolorem ipsum quisquam non velit adipisci. Numquam quaerat quaerat modi velit eius. Est aliquam aliquam quiquia sit. Numquam ut adipisci porro sed.','English',162),(6,'Quiquia velit neque tempora. Modi non aliquam adipisci porro adipisci. Ut amet tempora quiquia neque dolorem sed quiquia. Velit neque dolore quaerat ut voluptatem dolor. Sit dolore voluptatem porro est. Numquam consectetur consectetur quisquam quiquia. Quiquia dolor magnam labore tempora magnam porro.','English',268),(7,'Voluptatem ut sed consectetur labore dolor quiquia etincidunt. Magnam dolorem etincidunt consectetur est dolore. Porro tempora magnam dolor dolore. Modi quiquia numquam magnam non quisquam. Consectetur porro adipisci non. Est etincidunt velit non modi consectetur numquam. Dolorem amet quiquia consectetur quisquam etincidunt. Sed quisquam ipsum dolor non neque etincidunt. Quiquia etincidunt est labore sit sed. Quiquia quaerat non non ipsum dolore eius.','English',279),(8,'Porro sed est sit etincidunt quaerat. Quisquam ipsum eius voluptatem. Eius consectetur velit voluptatem neque eius adipisci dolor. Quiquia etincidunt dolore dolor etincidunt consectetur. Dolor tempora sed dolore tempora velit quaerat modi.','English',371),(9,'Quiquia neque ipsum labore labore consectetur neque. Dolorem labore modi velit. Porro quisquam quaerat dolor modi neque sed. Sit numquam magnam non amet sit aliquam. Sed labore quaerat sit est velit. Eius non amet tempora magnam sed dolore numquam. Voluptatem porro magnam dolorem aliquam. Adipisci porro adipisci eius etincidunt consectetur.','English',283),(10,'Quaerat non dolore quaerat voluptatem adipisci numquam. Amet dolore dolorem voluptatem. Dolor modi dolor aliquam. Porro sed non numquam. Magnam labore aliquam etincidunt. Etincidunt dolore adipisci ipsum est. Etincidunt dolore quisquam sit dolor velit dolore porro. Adipisci quisquam velit est velit quisquam sit adipisci. Porro dolor adipisci quiquia amet aliquam aliquam consectetur.','English',413),(11,'Numquam aliquam est sed. Ut dolorem ut dolore quiquia sed. Modi neque adipisci eius eius amet etincidunt est. Consectetur est dolorem numquam. Etincidunt ipsum etincidunt quaerat aliquam. Numquam quisquam quisquam quaerat sit dolore.','English',325),(12,'Dolore dolore ipsum est quaerat modi consectetur non. Non est numquam sed quaerat velit quiquia quiquia. Porro dolore est dolore magnam. Labore quiquia tempora magnam porro labore velit quisquam. Numquam labore dolore quiquia neque. Voluptatem adipisci quiquia porro tempora. Consectetur consectetur dolor numquam est ipsum.','English',455),(13,'Velit amet ipsum magnam sit. Eius dolor voluptatem voluptatem sed dolor amet ipsum. Ipsum neque consectetur magnam ut aliquam porro porro. Modi voluptatem porro porro quisquam voluptatem. Consectetur consectetur dolor sit neque.','English',367),(14,'Voluptatem etincidunt quiquia est. Labore adipisci voluptatem non. Magnam sit est dolorem. Dolor dolore adipisci ut modi. Modi velit ut numquam porro tempora. Tempora amet amet dolorem porro. Ipsum porro sed velit dolorem sit. Quaerat neque sed quaerat ipsum eius ipsum.','English',207),(15,'Ipsum dolor quiquia porro aliquam non magnam. Non neque adipisci quisquam dolorem sit. Etincidunt neque est quiquia etincidunt. Voluptatem consectetur dolore est. Labore dolor dolorem est sit dolore labore velit. Modi quiquia quisquam dolorem est consectetur aliquam. Numquam consectetur sit etincidunt aliquam amet consectetur porro. Consectetur consectetur tempora consectetur tempora tempora neque porro. Adipisci labore neque aliquam est porro numquam quisquam. Sed non ipsum magnam.','English',478),(16,'Modi consectetur modi quiquia aliquam ipsum magnam. Consectetur magnam neque magnam labore magnam dolorem. Non etincidunt aliquam ipsum dolore. Ut ut eius quisquam numquam. Quiquia non porro etincidunt quisquam amet sed. Numquam numquam modi quiquia.','English',331),(17,'Est sed labore velit sed numquam magnam. Adipisci eius amet adipisci etincidunt. Sit porro eius ipsum quaerat. Tempora amet tempora labore eius adipisci quisquam. Dolor quaerat voluptatem velit velit labore voluptatem. Porro magnam est quaerat adipisci velit est. Voluptatem quisquam tempora quisquam aliquam. Sed dolorem est eius quisquam. Dolor labore quiquia numquam dolorem est est.','English',275),(18,'Etincidunt voluptatem dolore dolor. Numquam sit dolorem amet consectetur numquam. Neque porro numquam ut modi amet. Sed ipsum aliquam ipsum labore dolor sed porro. Quiquia amet velit dolor etincidunt velit. Sed dolore dolor est. Sit porro non ut. Sed amet tempora porro neque ipsum est sed.','English',253),(19,'Labore voluptatem ut eius tempora. Magnam labore tempora dolorem ut modi non etincidunt. Consectetur quaerat quaerat adipisci tempora velit velit. Labore eius sed tempora magnam dolor. Dolore labore dolore quiquia consectetur dolor voluptatem tempora. Velit consectetur magnam non non. Numquam amet adipisci quiquia est modi dolorem. Ipsum ut modi quiquia quisquam numquam.','English',299),(20,'Adipisci sit non quaerat. Tempora quisquam tempora eius eius. Numquam eius sit aliquam numquam etincidunt dolore ut. Dolore voluptatem etincidunt ut dolorem. Non ipsum quaerat velit magnam ipsum eius. Sit amet aliquam modi. Dolore dolorem aliquam etincidunt. Aliquam est ipsum etincidunt quiquia tempora. Etincidunt numquam quisquam sit porro aliquam.','English',492),(21,'Aliquam ut voluptatem est non tempora aliquam. Amet dolor dolore est sed labore ut ipsum. Etincidunt eius velit non. Neque sit consectetur quiquia voluptatem dolorem amet. Dolore labore voluptatem porro est aliquam modi. Porro non sed quaerat consectetur etincidunt. Porro tempora modi dolore. Est etincidunt dolorem velit etincidunt quisquam. Quaerat magnam est quiquia etincidunt non modi. Quisquam velit etincidunt tempora.','English',367),(22,'Quisquam quisquam dolorem sit ut. Sit ut quaerat dolor ut tempora etincidunt. Sed amet ut velit dolorem adipisci aliquam. Eius amet voluptatem non sed dolore tempora. Quiquia quaerat sed est ipsum. Ipsum sed ipsum velit numquam quisquam dolore consectetur. Amet sed est est amet dolore dolor. Consectetur amet dolor sit quaerat sed. Consectetur consectetur dolorem ipsum amet dolor dolor.','English',454);
/*!40000 ALTER TABLE `ec_book` ENABLE KEYS */;
UNLOCK TABLES;

--
-- Table structure for table `ec_company`
--

DROP TABLE IF EXISTS `ec_company`;
/*!40101 SET @saved_cs_client     = @@character_set_client */;
/*!50503 SET character_set_client = utf8mb4 */;
CREATE TABLE `ec_company` (
  `id` int NOT NULL AUTO_INCREMENT,
  `logo_url` varchar(200) DEFAULT NULL,
  `website` varchar(200) DEFAULT NULL,
  PRIMARY KEY (`id`)
) ENGINE=InnoDB DEFAULT CHARSET=utf8mb4 COLLATE=utf8mb4_0900_ai_ci;
/*!40101 SET character_set_client = @saved_cs_client */;

--
-- Dumping data for table `ec_company`
--

LOCK TABLES `ec_company` WRITE;
/*!40000 ALTER TABLE `ec_company` DISABLE KEYS */;
/*!40000 ALTER TABLE `ec_company` ENABLE KEYS */;
UNLOCK TABLES;

--
-- Table structure for table `ec_customer`
--

DROP TABLE IF EXISTS `ec_customer`;
/*!40101 SET @saved_cs_client     = @@character_set_client */;
/*!50503 SET character_set_client = utf8mb4 */;
CREATE TABLE `ec_customer` (
  `id` int NOT NULL,
  `address` varchar(500) NOT NULL,
  `country` varchar(100) NOT NULL,
  `phone` varchar(45) NOT NULL,
  PRIMARY KEY (`id`),
  KEY `fk_customer_registered_user1_idx` (`id`),
  CONSTRAINT `fk_customer_registered_user1` FOREIGN KEY (`id`) REFERENCES `ec_registered_user` (`id`)
) ENGINE=InnoDB DEFAULT CHARSET=utf8mb4 COLLATE=utf8mb4_0900_ai_ci;
/*!40101 SET character_set_client = @saved_cs_client */;

--
-- Dumping data for table `ec_customer`
--

LOCK TABLES `ec_customer` WRITE;
/*!40000 ALTER TABLE `ec_customer` DISABLE KEYS */;
INSERT INTO `ec_customer` VALUES (1,'Piazza Andrea del Sarto 5','Perú','3479159345'),(2,'Indirizzo Pietro','Italy','333444555');
/*!40000 ALTER TABLE `ec_customer` ENABLE KEYS */;
UNLOCK TABLES;

--
-- Table structure for table `ec_manager`
--

DROP TABLE IF EXISTS `ec_manager`;
/*!40101 SET @saved_cs_client     = @@character_set_client */;
/*!50503 SET character_set_client = utf8mb4 */;
CREATE TABLE `ec_manager` (
  `id` int NOT NULL,
  `hired_date` date NOT NULL,
  `title` varchar(45) NOT NULL,
  `company_id` int NOT NULL,
  PRIMARY KEY (`id`),
  KEY `fk_manager_registered_user_idx` (`id`),
  KEY `fk_manager_company1_idx` (`company_id`),
  CONSTRAINT `fk_manager_company1` FOREIGN KEY (`company_id`) REFERENCES `ec_company` (`id`),
  CONSTRAINT `fk_manager_registered_user` FOREIGN KEY (`id`) REFERENCES `ec_registered_user` (`id`)
) ENGINE=InnoDB DEFAULT CHARSET=utf8mb4 COLLATE=utf8mb4_0900_ai_ci;
/*!40101 SET character_set_client = @saved_cs_client */;

--
-- Dumping data for table `ec_manager`
--

LOCK TABLES `ec_manager` WRITE;
/*!40000 ALTER TABLE `ec_manager` DISABLE KEYS */;
/*!40000 ALTER TABLE `ec_manager` ENABLE KEYS */;
UNLOCK TABLES;

--
-- Table structure for table `ec_monitor`
--

DROP TABLE IF EXISTS `ec_monitor`;
/*!40101 SET @saved_cs_client     = @@character_set_client */;
/*!50503 SET character_set_client = utf8mb4 */;
CREATE TABLE `ec_monitor` (
  `product_id` int NOT NULL,
  `screen_size_in_inches` int NOT NULL,
  `display_resoluton` varchar(45) NOT NULL,
  `special_features` varchar(500) DEFAULT NULL,
  `refresh_rate_hz` float NOT NULL,
  PRIMARY KEY (`product_id`),
  CONSTRAINT `fk_Monitor_product1` FOREIGN KEY (`product_id`) REFERENCES `ec_product` (`id`)
) ENGINE=InnoDB DEFAULT CHARSET=utf8mb4 COLLATE=utf8mb4_0900_ai_ci;
/*!40101 SET character_set_client = @saved_cs_client */;

--
-- Dumping data for table `ec_monitor`
--

LOCK TABLES `ec_monitor` WRITE;
/*!40000 ALTER TABLE `ec_monitor` DISABLE KEYS */;
INSERT INTO `ec_monitor` VALUES (71,15,'1920, 1080','Special feature {i}\nSpecial feature {i}\nSpecial feature {i}\nSpecial feature {i}',66.6),(72,15,'1920, 1080','Special feature {i}\nSpecial feature {i}\nSpecial feature {i}\nSpecial feature {i}\nSpecial feature {i}\nSpecial feature {i}\nSpecial feature {i}\nSpecial feature {i}',66.6),(73,15,'1920, 1080','Special feature {i}\nSpecial feature {i}\nSpecial feature {i}\nSpecial feature {i}\nSpecial feature {i}\nSpecial feature {i}\nSpecial feature {i}',66.6),(74,15,'1920, 1080','Special feature {i}\nSpecial feature {i}\nSpecial feature {i}\nSpecial feature {i}\nSpecial feature {i}\nSpecial feature {i}\nSpecial feature {i}\nSpecial feature {i}',66.6),(75,15,'1920, 1080','Special feature {i}\nSpecial feature {i}\nSpecial feature {i}\nSpecial feature {i}\nSpecial feature {i}\nSpecial feature {i}\nSpecial feature {i}',66.6),(76,15,'1920, 1080','Special feature {i}\nSpecial feature {i}\nSpecial feature {i}\nSpecial feature {i}\nSpecial feature {i}\nSpecial feature {i}',66.6),(77,15,'1920, 1080','Special feature {i}\nSpecial feature {i}\nSpecial feature {i}\nSpecial feature {i}\nSpecial feature {i}\nSpecial feature {i}\nSpecial feature {i}\nSpecial feature {i}',66.6),(78,15,'1920, 1080','Special feature {i}\nSpecial feature {i}\nSpecial feature {i}\nSpecial feature {i}\nSpecial feature {i}\nSpecial feature {i}\nSpecial feature {i}',66.6),(79,15,'1920, 1080','Special feature {i}\nSpecial feature {i}\nSpecial feature {i}\nSpecial feature {i}\nSpecial feature {i}\nSpecial feature {i}',66.6),(80,15,'1920, 1080','Special feature {i}\nSpecial feature {i}\nSpecial feature {i}\nSpecial feature {i}\nSpecial feature {i}\nSpecial feature {i}\nSpecial feature {i}',66.6),(81,15,'1920, 1080','Special feature {i}\nSpecial feature {i}\nSpecial feature {i}\nSpecial feature {i}\nSpecial feature {i}\nSpecial feature {i}\nSpecial feature {i}',66.6),(82,15,'1920, 1080','Special feature {i}\nSpecial feature {i}\nSpecial feature {i}\nSpecial feature {i}\nSpecial feature {i}',66.6),(83,15,'1920, 1080','Special feature {i}\nSpecial feature {i}\nSpecial feature {i}\nSpecial feature {i}\nSpecial feature {i}\nSpecial feature {i}\nSpecial feature {i}',66.6),(84,15,'1920, 1080','Special feature {i}\nSpecial feature {i}\nSpecial feature {i}\nSpecial feature {i}\nSpecial feature {i}\nSpecial feature {i}\nSpecial feature {i}\nSpecial feature {i}',66.6),(85,15,'1920, 1080','Special feature {i}\nSpecial feature {i}\nSpecial feature {i}\nSpecial feature {i}\nSpecial feature {i}\nSpecial feature {i}\nSpecial feature {i}\nSpecial feature {i}',66.6),(86,15,'1920, 1080','Special feature {i}\nSpecial feature {i}\nSpecial feature {i}\nSpecial feature {i}',66.6),(87,15,'1920, 1080','Special feature {i}\nSpecial feature {i}\nSpecial feature {i}\nSpecial feature {i}\nSpecial feature {i}\nSpecial feature {i}\nSpecial feature {i}\nSpecial feature {i}',66.6),(88,15,'1920, 1080','Special feature {i}\nSpecial feature {i}\nSpecial feature {i}\nSpecial feature {i}\nSpecial feature {i}\nSpecial feature {i}\nSpecial feature {i}',66.6),(89,15,'1920, 1080','Special feature {i}\nSpecial feature {i}\nSpecial feature {i}\nSpecial feature {i}',66.6),(90,15,'1920, 1080','Special feature {i}\nSpecial feature {i}\nSpecial feature {i}\nSpecial feature {i}\nSpecial feature {i}\nSpecial feature {i}',66.6),(91,15,'1920, 1080','Special feature {i}\nSpecial feature {i}\nSpecial feature {i}\nSpecial feature {i}\nSpecial feature {i}\nSpecial feature {i}\nSpecial feature {i}\nSpecial feature {i}',66.6),(92,15,'1920, 1080','Special feature {i}\nSpecial feature {i}\nSpecial feature {i}\nSpecial feature {i}\nSpecial feature {i}\nSpecial feature {i}\nSpecial feature {i}\nSpecial feature {i}',66.6),(93,15,'1920, 1080','Special feature {i}\nSpecial feature {i}\nSpecial feature {i}\nSpecial feature {i}\nSpecial feature {i}',66.6),(94,15,'1920, 1080','Special feature {i}\nSpecial feature {i}\nSpecial feature {i}\nSpecial feature {i}\nSpecial feature {i}\nSpecial feature {i}\nSpecial feature {i}\nSpecial feature {i}',66.6),(95,15,'1920, 1080','Special feature {i}\nSpecial feature {i}\nSpecial feature {i}\nSpecial feature {i}',66.6),(96,15,'1920, 1080','Special feature {i}\nSpecial feature {i}\nSpecial feature {i}\nSpecial feature {i}\nSpecial feature {i}\nSpecial feature {i}\nSpecial feature {i}\nSpecial feature {i}',66.6),(97,15,'1920, 1080','Special feature {i}\nSpecial feature {i}\nSpecial feature {i}\nSpecial feature {i}\nSpecial feature {i}\nSpecial feature {i}\nSpecial feature {i}\nSpecial feature {i}',66.6);
/*!40000 ALTER TABLE `ec_monitor` ENABLE KEYS */;
UNLOCK TABLES;

--
-- Table structure for table `ec_order`
--

DROP TABLE IF EXISTS `ec_order`;
/*!40101 SET @saved_cs_client     = @@character_set_client */;
/*!50503 SET character_set_client = utf8mb4 */;
CREATE TABLE `ec_order` (
  `id` int NOT NULL AUTO_INCREMENT,
  `customer_id` int NOT NULL,
  `order_number` varchar(45) NOT NULL,
  `order_date` timestamp NOT NULL,
  `shipping_date` timestamp NULL DEFAULT NULL,
  `shipping_address` varchar(45) NOT NULL,
  `shipping_country` varchar(45) NOT NULL,
  `payment_type` varchar(45) NOT NULL,
  `payment_number` varchar(45) NOT NULL,
  `status` int NOT NULL DEFAULT '1',
  `total` double NOT NULL,
  PRIMARY KEY (`id`),
  KEY `fk_order_customer1_idx` (`customer_id`),
  CONSTRAINT `fk_order_customer1` FOREIGN KEY (`customer_id`) REFERENCES `ec_customer` (`id`)
) ENGINE=InnoDB AUTO_INCREMENT=7 DEFAULT CHARSET=utf8mb4 COLLATE=utf8mb4_0900_ai_ci;
/*!40101 SET character_set_client = @saved_cs_client */;

--
-- Dumping data for table `ec_order`
--

LOCK TABLES `ec_order` WRITE;
/*!40000 ALTER TABLE `ec_order` DISABLE KEYS */;
INSERT INTO `ec_order` VALUES (3,1,'81c88ebd-883d-47ad-bf89-95068c8d5b3a','2022-11-04 06:38:46','2022-11-14 06:38:46','Phoenix 6','United States','PAYPAL','ce520319-e478-4189-b678-75fbbdaa4603',1,424.1499938964844),(4,1,'6ff54737-aaa5-4f93-99fe-d847984cf538','2022-11-04 09:42:49','2022-11-14 09:42:49','Dip. Ingegneria','Italy','PAYPAL','949f1ca1-7dca-4173-9ba3-77d106c82988',1,235.8400115966797),(5,1,'16493234-bb65-40ce-a216-2c73fe2d26e7','2022-11-04 11:13:42','2022-11-14 11:13:42','Dip. Ingegneria','Italy','PAYPAL','5cd8a1fe-913f-4a4d-9ef2-6594453ea8e8',1,126.97999572753906),(6,2,'f11d8b41-d1f3-44a2-a9ed-8477d2ed4b12','2022-11-16 09:24:22','2022-11-26 09:24:22','Dip. Ingegneria','Italy','PAYPAL','61ccbe5d-3377-4a36-89fe-f7712e03d091',1,67.94999694824219);
/*!40000 ALTER TABLE `ec_order` ENABLE KEYS */;
UNLOCK TABLES;

--
-- Table structure for table `ec_product`
--

DROP TABLE IF EXISTS `ec_product`;
/*!40101 SET @saved_cs_client     = @@character_set_client */;
/*!50503 SET character_set_client = utf8mb4 */;
CREATE TABLE `ec_product` (
  `id` int NOT NULL AUTO_INCREMENT,
  `type` int NOT NULL,
  `name` varchar(300) DEFAULT NULL,
  `short_description` varchar(500) NOT NULL,
  `description` text,
  `brand` varchar(45) NOT NULL,
  `image_url` varchar(500) DEFAULT NULL,
  `price` float NOT NULL,
  `stock` int NOT NULL DEFAULT '0',
  PRIMARY KEY (`id`)
) ENGINE=InnoDB AUTO_INCREMENT=98 DEFAULT CHARSET=utf8mb4 COLLATE=utf8mb4_0900_ai_ci;
/*!40101 SET character_set_client = @saved_cs_client */;

--
-- Dumping data for table `ec_product`
--

LOCK TABLES `ec_product` WRITE;
/*!40000 ALTER TABLE `ec_product` DISABLE KEYS */;
INSERT INTO `ec_product` VALUES (1,1,'A Programmer\'s Guide to Computer Science: A virtual degree for the self-taught developer','A Programmer\'s Guide to Computer Science: A virtual degree for the self-taught developer','Authors: Dr. William M Springer II','--','https://m.media-amazon.com/images/I/61fFh20AhQL._AC_UY218_.jpg',26.99,9998),(2,1,'Computer Programming for Absolute Beginners: Learn essential computer science concepts and coding techniques to kick-start your programming career','Computer Programming for Absolute Beginners: Learn essential computer science concepts and coding techniques to kick-start your programming career','Authors: Joakim Wassberg','--','https://m.media-amazon.com/images/I/7102H4YF1tL._AC_UY218_.jpg',33.29,10000),(3,1,'Everything You Need to Ace Computer Science and Coding in One Big Fat Notebook - US Edition (Big Fat Notebook)','Everything You Need to Ace Computer Science and Coding in One Big Fat Notebook - US Edition (Big Fat Notebook)','Authors: Workman Publishing, Grant Smith','--','https://m.media-amazon.com/images/I/81CcyrRYMkL._AC_UY218_.jpg',12.87,10000),(4,1,'The Computer Science Book: A complete introduction to computer science in one book','The Computer Science Book: A complete introduction to computer science in one book','Authors: Thomas Johnson','--','https://m.media-amazon.com/images/I/714jjZEj8LL._AC_UY218_.jpg',27.49,10000),(5,1,'Princeton Review AP Computer Science A Prep, 2023: 4 Practice Tests + Complete Content Review + Strategies & Techniques (College Test Preparation)','Princeton Review AP Computer Science A Prep, 2023: 4 Practice Tests + Complete Content Review + Strategies & Techniques (College Test Preparation)','Authors: The Princeton Review','--','https://m.media-amazon.com/images/I/81rmCv4gvgL._AC_UY218_.jpg',18.99,10000),(6,1,'The Self-Taught Computer Scientist: The Beginner\'s Guide to Data Structures & Algorithms','The Self-Taught Computer Scientist: The Beginner\'s Guide to Data Structures & Algorithms','Authors: Cory Althoff','--','https://m.media-amazon.com/images/I/41temYGJxgL._AC_UY218_.jpg',19.49,10000),(7,1,'AGRICULTURE & TOURISM ECONOMICS: AN ANTI-POVERTY SUCCESS STORY','AGRICULTURE & TOURISM ECONOMICS: AN ANTI-POVERTY SUCCESS STORY','Authors: Mario Tancrede Maurice','--','https://m.media-amazon.com/images/I/71qQA85jv6L._AC_UY218_.jpg',38.99,10000),(8,1,'Algorithms to Live By: The Computer Science of Human Decisions','Algorithms to Live By: The Computer Science of Human Decisions','Authors: Brian Christian','--','https://m.media-amazon.com/images/I/81WKzuPInFL._AC_UY218_.jpg',12.99,10000),(9,1,'Princeton Review AP Computer Science Principles Prep, 2023: 3 Practice Tests + Complete Content Review + Strategies & Techniques (College Test Preparation)','Princeton Review AP Computer Science Principles Prep, 2023: 3 Practice Tests + Complete Content Review + Strategies & Techniques (College Test Preparation)','Authors: The Princeton Review','--','https://m.media-amazon.com/images/I/81ai-jS33lL._AC_UY218_.jpg',17.99,10000),(10,1,'AP Computer Science A Premium, 2022-2023: Comprehensive Review with 6 Practice Tests + an Online Timed Test Option (Barron\'s Test Prep)','AP Computer Science A Premium, 2022-2023: Comprehensive Review with 6 Practice Tests + an Online Timed Test Option (Barron\'s Test Prep)','Authors: Roselyn Teukolsky M.S.','--','https://m.media-amazon.com/images/I/718sg9+ny0L._AC_UY218_.jpg',18.99,10000),(11,1,'Computer Science Principles: The Foundational Concepts of Computer Science','Computer Science Principles: The Foundational Concepts of Computer Science','Authors: Mr. Kevin P Hare','--','https://m.media-amazon.com/images/I/61YYYmCPD+L._AC_UY218_.jpg',14.11,10000),(12,1,'Computers Made Easy: From Dummy To Geek','Computers Made Easy: From Dummy To Geek','Authors: James Bernstein','--','https://m.media-amazon.com/images/I/61A0NqQ+YKL._AC_UY218_.jpg',14.99,10000),(13,1,'Computer Programming for Absolute Beginners: Learn essential computer science concepts and coding techniques to kick-start your programming career','Computer Programming for Absolute Beginners: Learn essential computer science concepts and coding techniques to kick-start your programming career','Authors: Joakim Wassberg','--','https://m.media-amazon.com/images/I/7102H4YF1tL._AC_UY218_.jpg',33.29,10000),(14,1,'Intro to Python for Computer Science and Data Science: Learning to Program with AI, Big Data and The Cloud','Intro to Python for Computer Science and Data Science: Learning to Program with AI, Big Data and The Cloud','Authors: Paul Deitel','--','https://m.media-amazon.com/images/I/51yQ5aFcMGL._AC_UY218_.jpg',86.69,10000),(15,1,'A Programmer\'s Guide to Computer Science: A virtual degree for the self-taught developer','A Programmer\'s Guide to Computer Science: A virtual degree for the self-taught developer','Authors: Dr. William M Springer II','--','https://m.media-amazon.com/images/I/61fFh20AhQL._AC_UY218_.jpg',26.99,10000),(16,1,'5 Steps to a 5: AP Computer Science A 2023','5 Steps to a 5: AP Computer Science A 2023','Authors: Deborah B. Klipp','--','https://m.media-amazon.com/images/I/71tEYz1MKgL._AC_UY218_.jpg',18,9999),(17,1,'Windows 11 Seniors Guide: The Most Intuitive and Exhaustive Manual to Install and Master Windows 11 Operating System from Scratch. A Detailed Step-by-Step Guide with Pictures and Useful Tips & Tricks','Windows 11 Seniors Guide: The Most Intuitive and Exhaustive Manual to Install and Master Windows 11 Operating System from Scratch. A Detailed Step-by-Step Guide with Pictures and Useful Tips & Tricks','Authors: George Halperin','--','https://m.media-amazon.com/images/I/61bmY2RQriL._AC_UY218_.jpg',17.85,10000),(18,1,'AP® Computer Science Principles Crash Course, 2nd Ed., Book + Online: Get a Higher Score in Less Time (Advanced Placement (AP) Crash Course)','AP® Computer Science Principles Crash Course, 2nd Ed., Book + Online: Get a Higher Score in Less Time (Advanced Placement (AP) Crash Course)','Authors: Jacqueline Corricelli','--','https://m.media-amazon.com/images/I/81iDaDBG54L._AC_UY218_.jpg',12.99,9999),(19,1,'Computer Science: An Overview (What\'s New in Computer Science)','Computer Science: An Overview (What\'s New in Computer Science)','Authors: Glenn Brookshear','--','https://m.media-amazon.com/images/I/51VbUiVAa8L._AC_UY218_.jpg',47.76,10000),(20,1,'Data Structures and Algorithm Analysis in Java, Third Edition (Dover Books on Computer Science)','Data Structures and Algorithm Analysis in Java, Third Edition (Dover Books on Computer Science)','Authors: Clifford A. Shaffer','--','https://m.media-amazon.com/images/I/81KG-6q2ODL._AC_UY218_.jpg',16.17,10000),(21,1,'Computer Science Distilled: Learn the Art of Solving Computational Problems','Computer Science Distilled: Learn the Art of Solving Computational Problems','Authors: Wladston Ferreira Filho','--','https://m.media-amazon.com/images/I/71tB-2JscfL._AC_UY218_.jpg',23.99,10000),(22,1,'You Are Not Stupid: Computers and Technology Simplified','You Are Not Stupid: Computers and Technology Simplified','Authors: Jack C. Stanley','--','https://m.media-amazon.com/images/I/71Q94rac6VL._AC_UY218_.jpg',2.99,10000),(23,2,'Remedy Ginger Beer - Sugar Free, USDA Organic & Low Calorie Mixer Drink - Non Alcoholic & Made With Real Ginger - 8.5 Fl Oz Can, 12-Pack','Remedy Ginger Beer - Sugar Free, USDA Organic & Low Calorie Mixer Drink - Non Alcoholic & Made With Real Ginger - 8.5 Fl Oz Can, 12-Pack','Dolor voluptatem ut aliquam neque. Sed quisquam amet porro etincidunt. Ipsum modi quisquam neque. Numquam sit voluptatem magnam tempora quisquam. Labore porro quisquam dolorem dolorem labore.','--','https://m.media-amazon.com/images/I/810-gdh4KWL._AC_UL320_.jpg',24.99,10000),(24,2,'Athletic Brewing Company Craft Non Alcoholic Beer - 6-Pack of All Out, Upside Dawn, Run Wild IPA, and Cerveza Atletica - Low-Calorie, Award Winning - All Natural Ingredients For A Great Tasting Drink - 12 Fl Oz Cans','Athletic Brewing Company Craft Non Alcoholic Beer - 6-Pack of All Out, Upside Dawn, Run Wild IPA, and Cerveza Atletica - Low-Calorie, Award Winning - All Natural Ingredients For A Great Tasting Drink - 12 Fl Oz Cans','Est quisquam aliquam neque dolorem dolore consectetur. Quisquam neque est porro adipisci ipsum. Non ipsum porro dolore est. Magnam eius quiquia aliquam. Quiquia voluptatem dolor modi. Non modi eius numquam porro.','--','https://m.media-amazon.com/images/I/71-Tb7LhOQL._AC_UL320_.jpg',15,10000),(25,2,'Athletic Brewing Company Craft Non-Alcoholic Beer - 24 Pack x 12 Fl Oz Cans - Run Wild IPA - Low-Calorie, Award Winning - The Ultimate Sessionable IPA Subtle Yet Complex Malt Profile','Athletic Brewing Company Craft Non-Alcoholic Beer - 24 Pack x 12 Fl Oz Cans - Run Wild IPA - Low-Calorie, Award Winning - The Ultimate Sessionable IPA Subtle Yet Complex Malt Profile','Tempora etincidunt quisquam sit. Tempora adipisci sed amet. Tempora velit sit amet sit numquam. Adipisci amet consectetur quisquam quisquam neque velit. Quiquia non quaerat velit. Sit dolore dolorem etincidunt ut tempora magnam. Velit aliquam etincidunt tempora ut. Voluptatem labore dolor sit velit sit dolore dolore.','--','https://m.media-amazon.com/images/I/61m6PRemL7L._AC_UL320_.jpg',15,10000),(26,2,'Guinness 0.0% ALC,DRAUGHT Non-Alcoholic N/A Stout Beer, 14.9 Fl Oz (Pack of 6)','Guinness 0.0% ALC,DRAUGHT Non-Alcoholic N/A Stout Beer, 14.9 Fl Oz (Pack of 6)','Magnam quisquam magnam modi ipsum est tempora sit. Tempora aliquam ipsum adipisci. Etincidunt voluptatem ipsum numquam dolore porro non porro. Porro quaerat dolorem dolorem quiquia modi amet dolor. Ut non sed eius amet quisquam dolor.','--','https://m.media-amazon.com/images/I/71xWwpcrztL._AC_UL320_.jpg',23.99,10000),(27,2,'WELLBEING BREWING CO. 6 Pack Cans Heavenly Body Golden Wheat Non-Alcoholic Craft Beer - 68 Calories - Zero Grams of Sugar - Vegan - non-GMO - High in Anti-Oxidants / Anti-Inflammatories - 12 Fl. oz','WELLBEING BREWING CO. 6 Pack Cans Heavenly Body Golden Wheat Non-Alcoholic Craft Beer - 68 Calories - Zero Grams of Sugar - Vegan - non-GMO - High in Anti-Oxidants / Anti-Inflammatories - 12 Fl. oz','Ut consectetur sit voluptatem numquam quisquam. Modi aliquam velit quisquam magnam. Tempora modi sit porro porro. Voluptatem dolore voluptatem modi. Eius consectetur ipsum porro amet.','--','https://m.media-amazon.com/images/I/918gXcE5GPL._AC_UL320_.jpg',11.99,10000),(28,2,'[Pack of 8] Worldwide Mix NA Non Alcoholic Beer Beverage Drinks In Cans, Variety Combo Pack, Great Gift Set! - Guinness, Heineken, Estrella Galicia, Ninja Larger, Suntory & More! (Domestic + International)','[Pack of 8] Worldwide Mix NA Non Alcoholic Beer Beverage Drinks In Cans, Variety Combo Pack, Great Gift Set! - Guinness, Heineken, Estrella Galicia, Ninja Larger, Suntory & More! (Domestic + International)','Ipsum consectetur porro consectetur neque magnam eius amet. Modi est ut amet porro quiquia etincidunt. Voluptatem tempora amet sit. Quaerat porro labore dolor neque aliquam. Eius eius quiquia quaerat quisquam numquam. Quiquia numquam velit dolore etincidunt labore consectetur. Etincidunt tempora modi dolor eius aliquam dolore.','--','https://m.media-amazon.com/images/I/81q4rRANa+L._AC_UL320_.jpg',36.95,9998),(29,2,'Dream Light by Kin Euphorics, Non Alcoholic Spirits, Nootropic, Botanic, Adaptogen Drink, Earthy Oak, Smoky Clove and Spicy Cinnamon, Soothe The Spirit and Quiet The Mind, 16.9 Fl Oz','Dream Light by Kin Euphorics, Non Alcoholic Spirits, Nootropic, Botanic, Adaptogen Drink, Earthy Oak, Smoky Clove and Spicy Cinnamon, Soothe The Spirit and Quiet The Mind, 16.9 Fl Oz','Sed sed est aliquam magnam sed. Etincidunt eius sit neque magnam voluptatem labore neque. Neque dolorem labore amet ipsum. Ipsum velit modi etincidunt dolorem. Amet magnam quaerat velit adipisci. Modi dolorem velit etincidunt. Labore ipsum consectetur amet porro. Est sed amet quisquam neque est ipsum. Dolorem etincidunt neque adipisci.','--','https://m.media-amazon.com/images/I/614xIBKUJdL._AC_UL320_.jpg',39,10000),(30,2,'Lightwave by Kin Euphorics, Non Alcoholic Spirits, Ready to Drink, Nootropic, Botanic, Adaptogen Drink, Lavender-Vanilla, Ginger, and Birch, Calm the Mind and Mellow the Mood, 8 Fl Oz (4pk)','Lightwave by Kin Euphorics, Non Alcoholic Spirits, Ready to Drink, Nootropic, Botanic, Adaptogen Drink, Lavender-Vanilla, Ginger, and Birch, Calm the Mind and Mellow the Mood, 8 Fl Oz (4pk)','Dolor sit est magnam est neque. Dolor dolor adipisci quisquam voluptatem. Adipisci quaerat sed numquam dolorem. Sed quaerat aliquam etincidunt magnam numquam modi. Numquam ipsum consectetur velit eius sit adipisci. Porro dolorem porro etincidunt labore adipisci numquam. Dolore est quaerat amet sed labore etincidunt. Quiquia sit numquam dolor aliquam ut dolorem. Ipsum ut ipsum amet porro modi tempora.','--','https://m.media-amazon.com/images/I/81QMI7LVs1L._AC_UL320_.jpg',22.49,10000),(31,2,'Flying Cauldron Butterscotch Beer Non Alcoholic Butterscotch Cream Soda (2 Pack) with 2 Gosutoys Stickers','Flying Cauldron Butterscotch Beer Non Alcoholic Butterscotch Cream Soda (2 Pack) with 2 Gosutoys Stickers','Sit quaerat sed velit. Consectetur labore ut sed quiquia ut dolor est. Amet amet voluptatem numquam. Velit labore dolor quaerat neque tempora. Numquam quisquam sed velit amet voluptatem aliquam est.','--','https://m.media-amazon.com/images/I/71ZrJDIXLAL._AC_UL320_.jpg',12.99,10000),(32,2,'Pabst Blue Ribbon N/A NON-ALCOHOLIC BEER, Made in USA, - 12 Fl Oz (24 Pack)','Pabst Blue Ribbon N/A NON-ALCOHOLIC BEER, Made in USA, - 12 Fl Oz (24 Pack)','Amet tempora amet dolore magnam labore. Etincidunt est est modi labore sit dolorem. Dolor labore dolore tempora etincidunt sed. Consectetur magnam dolorem etincidunt non neque magnam. Dolorem aliquam magnam ut. Numquam aliquam modi sit.','--','https://m.media-amazon.com/images/I/51NhxHofzOL._AC_UL320_.jpg',58.99,10000),(33,2,'St Pauli German Non-alcoholic Beer 6 Bottlles','St Pauli German Non-alcoholic Beer 6 Bottlles','Est dolore magnam adipisci. Modi dolor eius quiquia est magnam porro quaerat. Quisquam porro etincidunt dolorem voluptatem. Neque porro numquam magnam dolor. Numquam voluptatem voluptatem sed adipisci consectetur. Eius quiquia aliquam labore. Amet quisquam dolorem dolor est tempora.','--','https://m.media-amazon.com/images/I/51EgPsbnRRL._AC_UL320_.jpg',28.99,10000),(34,2,'BrewDog 12-Pack of Nanny State | Non-Alcoholic, Hoppy Ale | 20 Calories, 2.3g Carbs Per Serving | 12oz Cans','BrewDog 12-Pack of Nanny State | Non-Alcoholic, Hoppy Ale | 20 Calories, 2.3g Carbs Per Serving | 12oz Cans','Tempora est velit porro. Adipisci etincidunt consectetur sit neque ut quisquam. Neque velit amet porro sed neque eius. Neque sit quaerat tempora eius quaerat sit etincidunt. Numquam dolor consectetur modi non ipsum adipisci. Tempora sit magnam eius. Dolore ipsum labore neque etincidunt.','--','https://m.media-amazon.com/images/I/81KzopeuEpL._AC_UL320_.jpg',29.99,10000),(35,2,'Non-Alcoholic Beer Variety Pack, Beck\'s, Bitburger, Buckler, Clausthaler Premium and Amber, Coors, St. Pauli Girl, Einbecker, Erdinger, Kaliber, O\'Doul\'s Premium and Amber (Case Of 12)','Non-Alcoholic Beer Variety Pack, Beck\'s, Bitburger, Buckler, Clausthaler Premium and Amber, Coors, St. Pauli Girl, Einbecker, Erdinger, Kaliber, O\'Doul\'s Premium and Amber (Case Of 12)','Est ipsum numquam modi consectetur amet ipsum est. Porro consectetur dolorem consectetur. Sed est sit labore voluptatem dolor numquam. Eius ipsum sed quiquia ut ut dolore. Velit velit est quiquia labore modi numquam numquam. Neque est ut etincidunt aliquam ut.','--','https://m.media-amazon.com/images/I/71wfe4BjmeL._AC_UL320_.jpg',15,10000),(36,2,'Suntory ALL-FREE, Beer-Alternative, Non Alcohol, 6-pack, Ultra-Light, Ultra-Crisp, Ultra-Refreshing, 0.00% Alc. and 0 Calories from Japan,11.8 Fl Oz (Pack of 6)','Suntory ALL-FREE, Beer-Alternative, Non Alcohol, 6-pack, Ultra-Light, Ultra-Crisp, Ultra-Refreshing, 0.00% Alc. and 0 Calories from Japan,11.8 Fl Oz (Pack of 6)','Etincidunt est sit porro quiquia adipisci. Ipsum dolore etincidunt consectetur eius quisquam quiquia. Modi porro dolore neque quisquam. Magnam aliquam adipisci porro quisquam consectetur tempora velit. Amet consectetur numquam neque quaerat voluptatem velit. Quiquia amet eius consectetur quisquam aliquam amet. Non etincidunt dolore est dolorem non porro sed. Amet consectetur etincidunt porro. Sit aliquam dolore ut amet sit modi aliquam. Velit voluptatem magnam quiquia quaerat porro voluptatem.','--','https://m.media-amazon.com/images/I/71bIcWoFC9L._AC_UL320_.jpg',19.14,10000),(37,2,'Q Mixers Premium Ginger Beer: Real Ingredients & Less Sweet, 7.5 Fl oz per can, 24 Cans','Q Mixers Premium Ginger Beer: Real Ingredients & Less Sweet, 7.5 Fl oz per can, 24 Cans','Ut magnam quaerat non velit dolorem. Dolor tempora porro porro. Non porro est modi ipsum. Adipisci dolorem modi quaerat magnam consectetur. Tempora ipsum adipisci ut dolore. Numquam quisquam velit est aliquam quiquia.','--','https://m.media-amazon.com/images/I/61VCQYvYmSS._AC_UL320_.jpg',21.48,10000),(38,2,'RITUAL ZERO PROOF Rum Alternative | Award-Winning Non-Alcoholic Spirit | 25.4 Fl Oz (750ml) | Only 5 Calories | Sustainably Made in USA | Make Alcohol Free Cocktails','RITUAL ZERO PROOF Rum Alternative | Award-Winning Non-Alcoholic Spirit | 25.4 Fl Oz (750ml) | Only 5 Calories | Sustainably Made in USA | Make Alcohol Free Cocktails','Modi magnam numquam dolor numquam. Voluptatem dolorem dolor ipsum sit dolor. Ipsum est consectetur consectetur dolorem adipisci ipsum. Labore porro est sit quaerat quisquam neque. Est non sed est. Voluptatem velit ut quiquia quisquam. Magnam non dolorem adipisci.','--','https://m.media-amazon.com/images/I/71zgKhGrxQS._AC_UL320_.jpg',29.99,10000),(39,2,'HOP WTR - Sparkling Hop Water - Mango - (12 Pack) - NA Beer, No Calories or Sugar, Low Carb, With Adaptogens and Nootropics for Added Benefits (12 oz Cans)','HOP WTR - Sparkling Hop Water - Mango - (12 Pack) - NA Beer, No Calories or Sugar, Low Carb, With Adaptogens and Nootropics for Added Benefits (12 oz Cans)','Consectetur magnam tempora consectetur ut quiquia dolorem ut. Etincidunt neque velit dolor est dolore. Adipisci tempora voluptatem modi velit porro adipisci. Etincidunt dolore dolorem ipsum velit. Quisquam sit adipisci consectetur modi quaerat sed ipsum. Consectetur non neque consectetur etincidunt amet porro non. Numquam aliquam aliquam sed dolor aliquam non. Quisquam porro consectetur neque modi ut. Adipisci labore aliquam neque numquam aliquam quaerat.','--','https://m.media-amazon.com/images/I/518IXK-6yrL._AC_UL320_.jpg',36.99,10000),(40,2,'Recess Mood Magnesium Supplement Drink Calming Beverage, 12 Ounce, Pack of 12 (Variety Pack, 12 Pack) *Original Flavors*','Recess Mood Magnesium Supplement Drink Calming Beverage, 12 Ounce, Pack of 12 (Variety Pack, 12 Pack) *Original Flavors*','Velit non tempora sed. Amet modi consectetur sed consectetur. Etincidunt labore voluptatem consectetur etincidunt labore voluptatem sit. Modi adipisci porro est est dolor consectetur est. Dolorem dolor dolor voluptatem sit labore non. Est voluptatem labore non est aliquam. Velit est velit quiquia non. Tempora aliquam quiquia aliquam.','--','https://m.media-amazon.com/images/I/715R9UbOnLS._AC_UL320_.jpg',41.99,10000),(41,2,'** The Official Spirit of Dry January ** Lyre\'s Non Alcoholic Spirits Mixed (Amalfi Spritz/G&T/Classico) - Ready To Drink Spritz, Sparkling, Gin & Tonic Cocktails - Pack of 12 (3 Packs of 4 X 8.5 Fl Oz)','** The Official Spirit of Dry January ** Lyre\'s Non Alcoholic Spirits Mixed (Amalfi Spritz/G&T/Classico) - Ready To Drink Spritz, Sparkling, Gin & Tonic Cocktails - Pack of 12 (3 Packs of 4 X 8.5 Fl Oz)','Etincidunt ipsum voluptatem neque. Ipsum dolor consectetur non. Porro numquam velit quaerat dolorem quiquia ipsum. Dolor sed quaerat non adipisci quisquam. Adipisci tempora amet amet dolor aliquam.','--','https://m.media-amazon.com/images/I/81xD6J-M98L._AC_UL320_.jpg',44.97,9997),(42,2,'**The Official Drink of Sober October** - Mocktails Uniquely Crafted Alcohol Free Variety Pack | Non-Alcoholic Cocktail, Low Calorie, Non-GMO, Vegan Alternative | 6.8 Fluid Ounce (Pack of 12)','**The Official Drink of Sober October** - Mocktails Uniquely Crafted Alcohol Free Variety Pack | Non-Alcoholic Cocktail, Low Calorie, Non-GMO, Vegan Alternative | 6.8 Fluid Ounce (Pack of 12)','Consectetur voluptatem labore non sit. Modi sit labore magnam. Tempora dolorem dolor ut quisquam quaerat voluptatem. Ipsum adipisci quisquam tempora. Amet labore dolore numquam tempora.','--','https://m.media-amazon.com/images/I/71hR+sve1+L._AC_UL320_.jpg',39.99,9999),(43,2,'RITUAL ZERO PROOF Whiskey Alternative | Award-Winning Non-Alcoholic Spirit | 25.4 Fl Oz (750ml) | Only 5 Calories | Sustainably Made in USA | Make Delicious Alcohol Free Cocktails','RITUAL ZERO PROOF Whiskey Alternative | Award-Winning Non-Alcoholic Spirit | 25.4 Fl Oz (750ml) | Only 5 Calories | Sustainably Made in USA | Make Delicious Alcohol Free Cocktails','Dolore adipisci aliquam numquam. Neque porro aliquam eius quaerat sed adipisci. Voluptatem voluptatem dolor non dolore quaerat. Neque dolor ipsum etincidunt numquam ipsum porro dolore. Ipsum numquam modi adipisci magnam. Magnam ipsum tempora dolor non labore numquam. Tempora amet aliquam adipisci.','--','https://m.media-amazon.com/images/I/71ToBzbogQS._AC_UL320_.jpg',29.99,10000),(44,2,'Zenify Zero Sugar All Natural Sparkling Calming Stress Relief Beverage, Formula with L-Theanine, GABA, Vitamin B6, and Glycine, Alcohol Replacement Drink, 12 Fl Ounce (Pack of 12)','Zenify Zero Sugar All Natural Sparkling Calming Stress Relief Beverage, Formula with L-Theanine, GABA, Vitamin B6, and Glycine, Alcohol Replacement Drink, 12 Fl Ounce (Pack of 12)','Sit porro dolore dolor sed. Numquam est tempora eius quisquam est consectetur. Voluptatem ut labore labore quaerat consectetur. Dolor porro consectetur eius labore voluptatem voluptatem dolor. Dolore dolore adipisci labore dolorem quiquia etincidunt magnam. Amet est modi ut tempora sed ut etincidunt. Amet sed modi magnam porro. Magnam ipsum magnam dolorem voluptatem labore labore.','--','https://m.media-amazon.com/images/I/714+LRGIlPL._AC_UL320_.jpg',29.99,10000),(45,2,'HOP WTR - Sparkling Hop Water - Classic (12 Pack) - NA Beer, No Calories or Sugar, Low Carb, With Adaptogens and Nootropics for Added Benefits (12 oz Cans)','HOP WTR - Sparkling Hop Water - Classic (12 Pack) - NA Beer, No Calories or Sugar, Low Carb, With Adaptogens and Nootropics for Added Benefits (12 oz Cans)','Tempora velit voluptatem consectetur eius dolore ipsum magnam. Ut neque quaerat dolor ipsum neque consectetur. Consectetur tempora porro ut. Amet quisquam numquam etincidunt ipsum porro. Tempora etincidunt dolore aliquam sed adipisci dolore sed. Dolorem non quaerat tempora non porro dolore aliquam. Eius quaerat aliquam adipisci sit amet. Quiquia eius sit etincidunt numquam neque neque ipsum. Etincidunt non neque tempora.','--','https://m.media-amazon.com/images/I/511LPD+qbyL._AC_UL320_.jpg',36,10000),(46,2,'MONDAY Zero Alcohol Whiskey – An Award Winning Non-Alcoholic Spirit with Zero Carbs, No Sugar, 0 Calories - 750ml','MONDAY Zero Alcohol Whiskey – An Award Winning Non-Alcoholic Spirit with Zero Carbs, No Sugar, 0 Calories - 750ml','Velit tempora dolorem voluptatem eius. Magnam consectetur aliquam non ut. Aliquam velit aliquam amet dolor velit numquam. Adipisci velit dolorem labore sed neque dolore quisquam. Voluptatem non aliquam modi. Modi consectetur non magnam porro. Non porro dolor labore quiquia. Est dolorem ipsum magnam adipisci eius voluptatem.','--','https://m.media-amazon.com/images/I/81u8CKWme8L._AC_UL320_.jpg',44.99,10000),(47,2,'BrewDog 24 Mixed Non-Alcoholic Pack | Includes Nanny, Elvis, Hazy, & Punk | 12oz Cans','BrewDog 24 Mixed Non-Alcoholic Pack | Includes Nanny, Elvis, Hazy, & Punk | 12oz Cans','Numquam ipsum voluptatem porro eius. Tempora quisquam labore tempora est ipsum dolorem. Aliquam dolore velit aliquam. Porro sed adipisci modi dolore dolor ut. Est sit sit eius dolore. Eius aliquam velit quaerat quiquia est ipsum magnam. Aliquam quisquam quiquia magnam quaerat. Eius quaerat sed dolor etincidunt ut. Tempora ipsum neque quaerat quaerat non dolorem.','--','https://m.media-amazon.com/images/I/71Ht6T2ec3L._AC_UL320_.jpg',48.95,10000),(48,2,'Free Spirits | The Spirit of Bourbon | Award Winning Non-Alcoholic Spirit for Cocktails | Oak-Caramel Nose, Only 5 Calories, Vegan & Gluten-Free with Mood Lifting Vitamins | 750 ml','Free Spirits | The Spirit of Bourbon | Award Winning Non-Alcoholic Spirit for Cocktails | Oak-Caramel Nose, Only 5 Calories, Vegan & Gluten-Free with Mood Lifting Vitamins | 750 ml','Modi tempora porro voluptatem aliquam consectetur. Tempora quisquam voluptatem voluptatem. Numquam voluptatem neque voluptatem numquam sed modi. Est adipisci dolor modi velit aliquam. Sit dolorem quisquam sed etincidunt tempora.','--','https://m.media-amazon.com/images/I/61CvLENw6BL._AC_UL320_.jpg',36.99,10000),(49,2,'Sober Carpenter NA Craft Beer - Blonde Ale Non Alcoholic 12 pack /16 oz Cans of Low-Calorie, Award Winning, All Natural Ingredients for a Great Tasting Drink','Sober Carpenter NA Craft Beer - Blonde Ale Non Alcoholic 12 pack /16 oz Cans of Low-Calorie, Award Winning, All Natural Ingredients for a Great Tasting Drink','Magnam consectetur magnam tempora quaerat dolorem non. Quaerat porro numquam modi aliquam. Neque aliquam non voluptatem consectetur porro numquam adipisci. Dolor dolor velit labore ipsum. Sed tempora dolorem voluptatem.','--','https://m.media-amazon.com/images/I/81r8KebshGL._AC_UL320_.jpg',39.99,10000),(50,2,'Flying Cauldron Butterscotch Beer 12oz (Pack of 6) Bundle with PrimeTime Direct Keychain Bottle Opener in a PTD Sealed Box','Flying Cauldron Butterscotch Beer 12oz (Pack of 6) Bundle with PrimeTime Direct Keychain Bottle Opener in a PTD Sealed Box','Porro velit sed velit. Quisquam consectetur etincidunt dolor. Magnam dolor quaerat voluptatem. Dolore adipisci non tempora. Consectetur amet numquam etincidunt etincidunt aliquam quisquam.','--','https://m.media-amazon.com/images/I/91j8hyLfV8L._AC_UL320_.jpg',31.98,10000),(51,2,'Coors Edge Domestic, NA (Non-Alcoholic) Beer, Low Cal & Carb - 12 Fl Oz, (12 Glass Bottles)','Coors Edge Domestic, NA (Non-Alcoholic) Beer, Low Cal & Carb - 12 Fl Oz, (12 Glass Bottles)','Aliquam ut velit quiquia. Quiquia aliquam sit dolorem quaerat ipsum. Consectetur velit dolore amet quiquia dolorem dolorem non. Labore ipsum consectetur eius consectetur quiquia. Etincidunt voluptatem porro velit magnam. Modi amet labore tempora eius numquam est. Ut non tempora voluptatem. Tempora numquam non neque.','--','https://m.media-amazon.com/images/I/61YLtLIuLqL._AC_UL320_.jpg',49.98,10000),(52,2,'DRY Non-Alcoholic Botanical Bubbly |Ginger | Sparkling and ready to sip or Use as a Mocktail Mixer |Less Sweet, All Natural Ingredients, Non-GMO | Sophisticatedly zero-proof, 12 Fl Oz (Pack of 12)','DRY Non-Alcoholic Botanical Bubbly |Ginger | Sparkling and ready to sip or Use as a Mocktail Mixer |Less Sweet, All Natural Ingredients, Non-GMO | Sophisticatedly zero-proof, 12 Fl Oz (Pack of 12)','Sit eius quaerat amet tempora quiquia numquam porro. Voluptatem dolor sed sed magnam dolore eius quisquam. Magnam sed porro voluptatem. Ipsum modi sit tempora quisquam est. Quaerat labore labore numquam dolor magnam numquam ipsum. Quisquam porro sit quaerat est eius porro. Ipsum quiquia non sit eius aliquam quiquia modi. Est sit eius aliquam labore modi.','--','https://m.media-amazon.com/images/I/715pFl8YTfL._AC_UL320_.jpg',29.99,10000),(53,2,'Bundaberg Ginger Beer, 6.8 fl oz Cans, (24 Pack)','Bundaberg Ginger Beer, 6.8 fl oz Cans, (24 Pack)','Amet quisquam dolor sit magnam aliquam modi numquam. Etincidunt quiquia neque modi ipsum aliquam. Numquam dolorem dolore adipisci numquam sed neque quisquam. Quisquam velit quiquia adipisci eius tempora non est. Velit consectetur non eius dolore ipsum. Aliquam velit porro est dolorem.','--','https://m.media-amazon.com/images/I/91wGUDjZvOL._AC_UL320_.jpg',48.5,10000),(54,2,'MONDAY Zero Alcohol Gin – An Award Winning Non-Alcoholic Spirit with Zero Carbs, No Sugar, 0 Calories - 750ml','MONDAY Zero Alcohol Gin – An Award Winning Non-Alcoholic Spirit with Zero Carbs, No Sugar, 0 Calories - 750ml','Quisquam quisquam consectetur neque quaerat non labore. Porro labore ipsum amet. Tempora ut voluptatem eius. Sit neque etincidunt est modi quaerat. Non magnam ut labore consectetur. Non sit modi sit etincidunt modi non. Eius est consectetur porro aliquam quisquam dolore. Quisquam ut voluptatem quisquam voluptatem numquam etincidunt consectetur.','--','https://m.media-amazon.com/images/I/71OxVdKKYeL._AC_UL320_.jpg',39.99,10000),(55,2,'Athletic Brewing Company Craft Non-Alcoholic Beer - 24 Pack x 12 Fl Oz Cans - Cerveza Atletica - Low-Calorie, Award Winning - Rich Aroma and Flavor Balanced with Light Spicy and Floral Notes','Athletic Brewing Company Craft Non-Alcoholic Beer - 24 Pack x 12 Fl Oz Cans - Cerveza Atletica - Low-Calorie, Award Winning - Rich Aroma and Flavor Balanced with Light Spicy and Floral Notes','Amet consectetur tempora aliquam dolorem quisquam neque. Ut quaerat sit sed amet voluptatem. Voluptatem etincidunt labore est. Modi non non adipisci. Consectetur est etincidunt amet sed adipisci. Dolor ipsum amet aliquam sed numquam.','--','https://m.media-amazon.com/images/I/61Cp7OSv4TL._AC_UL320_.jpg',15,10000),(56,2,'Flying Cauldron Butterscotch Beer (Pack of 6)','Flying Cauldron Butterscotch Beer (Pack of 6)','Magnam amet sed dolorem dolore neque. Dolore eius numquam dolorem velit eius aliquam etincidunt. Magnam non amet neque. Quisquam sed quiquia labore consectetur quisquam magnam. Labore aliquam voluptatem porro quaerat velit adipisci. Porro amet neque sit modi etincidunt porro. Sit est labore non.','--','https://m.media-amazon.com/images/I/713KXxd0UcL._AC_UL320_.jpg',21.99,10000),(57,2,'Gruvi Non-Alcoholic Beer Variety Pack, 12-Pack, IPA, Stout, Pale Ale, <0.5% ABV, Zero Alcohol Beer, NA Beer','Gruvi Non-Alcoholic Beer Variety Pack, 12-Pack, IPA, Stout, Pale Ale, <0.5% ABV, Zero Alcohol Beer, NA Beer','Est tempora dolor voluptatem consectetur amet consectetur quisquam. Porro numquam non dolorem modi eius dolorem. Consectetur tempora non ut quiquia quiquia dolore. Est ipsum aliquam quiquia eius neque. Est adipisci labore velit magnam magnam aliquam. Ut dolore consectetur amet ut aliquam amet.','--','https://m.media-amazon.com/images/I/81t9omWlO4L._AC_UL320_.jpg',29.99,10000),(58,2,'Flying Cauldron Butterscotch Beer 12 Oz 4 Bottles','Flying Cauldron Butterscotch Beer 12 Oz 4 Bottles','Labore etincidunt non neque. Dolor magnam eius numquam ipsum dolorem sed. Eius modi tempora dolorem ipsum velit est. Velit consectetur non amet quisquam sit etincidunt eius. Ut dolorem consectetur modi ut. Consectetur neque tempora dolor. Non dolorem magnam dolorem. Amet ut sit dolor.','--','https://m.media-amazon.com/images/I/613bXIPqBjL._AC_UL320_.jpg',15,10000),(59,2,'Heineken Non-alcoholic Beer, 12 Oz, 6 Ct','Heineken Non-alcoholic Beer, 12 Oz, 6 Ct','Amet voluptatem quaerat sed quiquia voluptatem est neque. Quisquam ut eius quiquia magnam ipsum. Sed dolore etincidunt dolorem. Tempora consectetur modi ipsum velit amet ut etincidunt. Dolorem sed modi dolorem modi labore est eius. Porro sed dolor non modi labore adipisci. Numquam numquam eius amet ut quaerat. Velit adipisci modi eius ut ipsum dolore non. Dolor adipisci etincidunt magnam modi voluptatem aliquam ipsum. Aliquam ipsum modi ut dolorem etincidunt.','--','https://m.media-amazon.com/images/I/81pYeBg5J4L._AC_UL320_.jpg',9.99,10000),(60,2,'RITUAL ZERO PROOF Tequila Alternative | Award-Winning Non-Alcoholic Spirit | 25.4 Fl Oz (750ml) | Zero Calories | Sustainably Made in USA | Make Delicious Alcohol Free Cocktails','RITUAL ZERO PROOF Tequila Alternative | Award-Winning Non-Alcoholic Spirit | 25.4 Fl Oz (750ml) | Zero Calories | Sustainably Made in USA | Make Delicious Alcohol Free Cocktails','Magnam labore voluptatem modi est. Porro quaerat eius non numquam. Modi quiquia est consectetur quisquam adipisci. Dolore tempora labore eius quisquam numquam aliquam. Ut magnam eius quaerat sed consectetur. Tempora est ut numquam non voluptatem quisquam etincidunt. Sed magnam non velit. Quiquia magnam modi non amet est. Quisquam magnam etincidunt amet labore sed. Adipisci ipsum dolor dolore quiquia voluptatem.','--','https://m.media-amazon.com/images/I/71jdQ57tn1S._AC_UL320_.jpg',29.99,10000),(61,2,'Real Non-Alcoholic Cocktails | SPIRITY COCKTAILS | Award Winning | Crafted with Spirits Distilled From Tea | Mindful Mule | 4-pack','Real Non-Alcoholic Cocktails | SPIRITY COCKTAILS | Award Winning | Crafted with Spirits Distilled From Tea | Mindful Mule | 4-pack','Magnam numquam dolor aliquam. Voluptatem aliquam velit sit quiquia dolore amet amet. Adipisci etincidunt aliquam amet adipisci consectetur aliquam consectetur. Sit quiquia modi numquam ipsum. Dolor modi amet sed sit magnam. Non ut ut sit. Quisquam neque quaerat amet neque porro dolor numquam. Dolorem dolor dolor aliquam. Dolorem quiquia quisquam velit voluptatem quaerat velit porro.','--','https://m.media-amazon.com/images/I/8146292pxXL._AC_UL320_.jpg',17.99,10000),(62,2,'Partake Brewing Non Alcoholic Craft Brew, Pale Ale, 12 Pack - 12 Ounce Cans, Low Calorie, All Natural Ingredients','Partake Brewing Non Alcoholic Craft Brew, Pale Ale, 12 Pack - 12 Ounce Cans, Low Calorie, All Natural Ingredients','Quiquia neque quiquia numquam adipisci. Voluptatem adipisci tempora velit magnam dolorem quisquam. Quiquia dolore numquam quaerat dolore dolor velit porro. Dolore quaerat quaerat sit quaerat aliquam. Ut neque porro amet. Dolore quaerat labore est adipisci adipisci etincidunt. Consectetur porro aliquam dolorem amet. Quiquia consectetur dolorem etincidunt consectetur porro. Voluptatem non neque magnam dolorem.','--','https://m.media-amazon.com/images/I/61Xp-WMuaLL._AC_UL320_.jpg',29.99,10000),(63,2,'Lyre\'s American Malt Non-Alcoholic Spirit - Bourbon Style | Award Winning | 23.7 Fl Oz','Lyre\'s American Malt Non-Alcoholic Spirit - Bourbon Style | Award Winning | 23.7 Fl Oz','Porro quaerat porro numquam. Porro non amet modi adipisci ipsum quisquam neque. Porro eius dolor adipisci tempora. Adipisci sit quisquam non quisquam labore etincidunt ut. Dolore porro adipisci quisquam tempora aliquam.','--','https://m.media-amazon.com/images/I/81cBB2ZvC9L._AC_UL320_.jpg',35.99,10000),(64,2,'Flying Cauldron Non-Alcoholic Butterscotch Beer 16.9 Fl Oz. 3 Pack','Flying Cauldron Non-Alcoholic Butterscotch Beer 16.9 Fl Oz. 3 Pack','Numquam ipsum porro dolore etincidunt. Adipisci ipsum ipsum tempora amet consectetur quaerat. Consectetur neque eius etincidunt amet sit dolor. Adipisci eius quaerat sed. Adipisci porro consectetur sed tempora modi dolorem ut. Magnam quaerat non consectetur eius. Tempora voluptatem ut quaerat est. Est sed quisquam numquam modi. Porro quisquam eius porro sed. Aliquam magnam amet tempora.','--','https://m.media-amazon.com/images/I/61hx96Tru9L._AC_UL320_.jpg',35.98,10000),(65,2,'【PACK OF 6】 Heineken 0.0% Non Alcohol Beer - Great Taste, Zero Alcohol - 11.2 Fl Oz','【PACK OF 6】 Heineken 0.0% Non Alcohol Beer - Great Taste, Zero Alcohol - 11.2 Fl Oz','Porro ut labore modi. Ut velit est quaerat. Modi voluptatem tempora labore magnam porro est. Velit eius amet quiquia. Dolor quiquia porro labore. Amet consectetur modi tempora non magnam. Voluptatem dolorem aliquam dolor amet ipsum ut est. Non modi ipsum ipsum modi. Sit eius velit adipisci neque sed.','--','https://m.media-amazon.com/images/I/71CwpPCLIeL._AC_UL320_.jpg',22.98,9994),(66,2,'Kin Spritz by Kin Euphorics, Non Alcoholic Spirits, Ready to Drink, Adaptogen, Nootropic, Botanical, Fresh Citrus, Hibiscus, Caffeine, Rhodiola Rosea, Awaken the Mind, Uplift the Mood, 8 Fl Oz (4pk)','Kin Spritz by Kin Euphorics, Non Alcoholic Spirits, Ready to Drink, Adaptogen, Nootropic, Botanical, Fresh Citrus, Hibiscus, Caffeine, Rhodiola Rosea, Awaken the Mind, Uplift the Mood, 8 Fl Oz (4pk)','Dolorem velit amet labore magnam labore. Velit voluptatem labore dolore consectetur. Ut dolore quaerat quaerat est magnam sed. Etincidunt modi etincidunt dolor tempora est. Magnam sed quaerat voluptatem labore sit. Quaerat etincidunt porro magnam quiquia ipsum. Porro labore voluptatem aliquam adipisci. Etincidunt non quiquia velit. Dolore aliquam magnam voluptatem dolore.','--','https://m.media-amazon.com/images/I/71OUTqqd59L._AC_UL320_.jpg',22.53,10000),(67,2,'Athletic Brewing Company Craft Non-Alcoholic Beer - 24 Pack x 12 Fl Oz Cans - Free Wave Hazy IPA - Low-Calorie, Award Winning - Loaded with Amarillo, Citra, and Mosaic Hops','Athletic Brewing Company Craft Non-Alcoholic Beer - 24 Pack x 12 Fl Oz Cans - Free Wave Hazy IPA - Low-Calorie, Award Winning - Loaded with Amarillo, Citra, and Mosaic Hops','Aliquam labore ut quaerat. Etincidunt consectetur ut numquam velit etincidunt velit aliquam. Est amet tempora ipsum ipsum adipisci numquam. Adipisci ut porro aliquam sit eius. Ipsum dolore ut dolor consectetur eius eius non. Labore neque sit dolore velit ut quisquam labore. Modi non tempora eius. Magnam sed est velit sed quisquam tempora sed. Sit modi dolor sit porro est. Ipsum etincidunt adipisci dolore aliquam.','--','https://m.media-amazon.com/images/I/61f2NDWzUrL._AC_UL320_.jpg',15,10000),(68,2,'Athletic Brewing Company Craft Non-Alcoholic Beer - 24 Pack x 12 Fl Oz Cans - Upside Dawn Craft Golden - Low-Calorie, Award Winning - Subtle Aromas with Floral and Earthy Notes','Athletic Brewing Company Craft Non-Alcoholic Beer - 24 Pack x 12 Fl Oz Cans - Upside Dawn Craft Golden - Low-Calorie, Award Winning - Subtle Aromas with Floral and Earthy Notes','Dolor voluptatem numquam numquam. Dolore quisquam dolor quiquia aliquam sed. Etincidunt quisquam dolorem numquam. Porro voluptatem tempora sit porro quiquia eius. Amet modi eius numquam quiquia. Quiquia magnam dolore quaerat consectetur. Sed labore neque modi. Sed labore non dolore aliquam sed adipisci. Neque dolorem eius magnam est quaerat.','--','https://m.media-amazon.com/images/I/610k1dywoHL._AC_UL320_.jpg',15,10000),(69,2,'Wowie | Infused Sparkling Beverage for Stress and Anxiety Relief | All-Natural, Low Calorie | Non-alcoholic | Herbal Adaptogens Drink | 12oz Sleek Can','Wowie | Infused Sparkling Beverage for Stress and Anxiety Relief | All-Natural, Low Calorie | Non-alcoholic | Herbal Adaptogens Drink | 12oz Sleek Can','Dolorem etincidunt quisquam non quisquam non labore. Neque sed ut tempora sit aliquam. Non dolore sit velit labore. Porro velit ut aliquam neque dolor. Amet est sed sed porro labore voluptatem amet. Dolor amet voluptatem modi. Labore ipsum labore ut aliquam eius ut. Est voluptatem velit eius velit. Tempora sed eius voluptatem.','--','https://m.media-amazon.com/images/I/61UEZwtQ-zL._AC_UL320_.jpg',21.95,10000),(70,2,'Seedlip Grove 42 - Non-alcoholic Spirit | Calorie Free, Sugar Free | Spirits Alternative | Alcohol Free Cocktails | 23.7fl oz (700ml)…','Seedlip Grove 42 - Non-alcoholic Spirit | Calorie Free, Sugar Free | Spirits Alternative | Alcohol Free Cocktails | 23.7fl oz (700ml)…','Magnam dolorem non magnam voluptatem non porro labore. Ut voluptatem eius sed aliquam quisquam ipsum adipisci. Neque ipsum amet consectetur sit eius amet. Quaerat numquam sit velit sed ipsum quisquam tempora. Sit quisquam quiquia consectetur neque. Labore eius porro tempora. Numquam eius quiquia quisquam quaerat ipsum quiquia dolorem. Quaerat tempora aliquam sit.','--','https://m.media-amazon.com/images/I/71kOWU2F5pL._AC_UL320_.jpg',31.99,10000),(71,3,'SAMSUNG Odyssey G3 24-Inch Gaming Monitor, 144hz Monitor, HDMI Monitor, Vertical Monitor, FHD Monitor, AMD FreeSync Premium, G30A (LS24AG302NNXZA)','SAMSUNG Odyssey G3 24-Inch Gaming Monitor, 144hz Monitor, HDMI Monitor, Vertical Monitor, FHD Monitor, AMD FreeSync Premium, G30A (LS24AG302NNXZA)','Sit ut sed quisquam neque dolorem porro quiquia. Est ut est sed. Dolorem etincidunt dolor non. Magnam velit sit dolorem dolor consectetur ipsum sit. Eius aliquam magnam est adipisci consectetur labore. Etincidunt non neque eius. Magnam consectetur neque etincidunt sed. Adipisci tempora numquam adipisci.','--','https://m.media-amazon.com/images/I/814EGetuvLS._AC_UY218_.jpg',159.99,10000),(72,3,'SAMSUNG 24\" CRG5 Curved Gaming Monitor, 144Hz, 4ms, Exclusive Gamer Settings, AMD Radeon FreeSync, Eye Saver Mode, 3000:1 Contrast Ratio, Black','SAMSUNG 24\" CRG5 Curved Gaming Monitor, 144Hz, 4ms, Exclusive Gamer Settings, AMD Radeon FreeSync, Eye Saver Mode, 3000:1 Contrast Ratio, Black','Consectetur porro non non porro etincidunt quiquia aliquam. Consectetur adipisci etincidunt adipisci non est. Modi neque quiquia labore dolor. Sit sit aliquam voluptatem neque dolor. Numquam sed eius quaerat aliquam non porro sed.','--','https://m.media-amazon.com/images/I/81gS2X1cUGL._AC_UY218_.jpg',149.99,10000),(73,3,'Sceptre 24\" Professional Thin 75Hz 1080p LED Monitor 2x HDMI VGA Build-in Speakers, Machine Black (E248W-19203R Series)','Sceptre 24\" Professional Thin 75Hz 1080p LED Monitor 2x HDMI VGA Build-in Speakers, Machine Black (E248W-19203R Series)','Est ipsum quiquia porro. Dolore labore magnam voluptatem. Tempora dolor eius numquam. Eius ut voluptatem velit est. Adipisci magnam numquam dolor. Dolorem est eius etincidunt voluptatem. Amet magnam quisquam sit numquam. Numquam modi dolore porro eius sit numquam.','--','https://m.media-amazon.com/images/I/71rXSVqET9L._AC_UY218_.jpg',99.28,10000),(74,3,'SAMSUNG 49-inch Odyssey G9 Gaming Monitor | QHD, 240hz, 1000R Curved, QLED, NVIDIA G-SYNC & FreeSync | LC49G95TSSNXZA Model','SAMSUNG 49-inch Odyssey G9 Gaming Monitor | QHD, 240hz, 1000R Curved, QLED, NVIDIA G-SYNC & FreeSync | LC49G95TSSNXZA Model','Dolorem quiquia modi ipsum labore. Voluptatem consectetur neque aliquam. Sit ut voluptatem quaerat neque. Porro tempora consectetur modi modi sed quaerat voluptatem. Magnam tempora quiquia etincidunt sit sed. Tempora porro dolorem voluptatem eius. Voluptatem sit eius est aliquam quaerat quaerat. Neque ut dolor tempora dolore dolore aliquam. Eius amet numquam quiquia. Dolore consectetur ipsum velit numquam non velit.','--','https://m.media-amazon.com/images/I/61SQz8S+fEL._AC_UY218_.jpg',1099.99,10000),(75,3,'SAMSUNG 34-Inch SJ55W Ultrawide Gaming Monitor (LS34J550WQNXZA) – 75Hz Refresh, WQHD Computer Monitor, 3440 x 1440p Resolution, 4ms Response, FreeSync, Split Screen, HDMI, Black','SAMSUNG 34-Inch SJ55W Ultrawide Gaming Monitor (LS34J550WQNXZA) – 75Hz Refresh, WQHD Computer Monitor, 3440 x 1440p Resolution, 4ms Response, FreeSync, Split Screen, HDMI, Black','Ut velit aliquam dolor. Neque consectetur neque sit etincidunt est. Adipisci ut aliquam quiquia labore quaerat etincidunt. Dolore sed tempora modi tempora aliquam dolore adipisci. Ipsum dolorem dolor etincidunt. Tempora numquam aliquam quisquam sed magnam. Eius sed amet non velit quiquia velit modi. Modi velit numquam ipsum dolor modi etincidunt quisquam.','--','https://m.media-amazon.com/images/I/91g-Y1B09EL._AC_UY218_.jpg',297.38,10000),(76,3,'SAMSUNG T550 Series 27-Inch FHD 1080p Computer Monitor, 75Hz, Curved, Built-in Speakers, HDMI, Display Port, FreeSync (LC27T550FDNXZA)','SAMSUNG T550 Series 27-Inch FHD 1080p Computer Monitor, 75Hz, Curved, Built-in Speakers, HDMI, Display Port, FreeSync (LC27T550FDNXZA)','Est dolorem sed voluptatem tempora. Magnam voluptatem non quiquia dolore labore. Modi eius sit amet voluptatem labore. Etincidunt sed magnam voluptatem ut. Tempora eius amet etincidunt aliquam velit amet. Ipsum neque porro ut. Numquam ut adipisci dolore tempora dolore quisquam eius. Quiquia porro quisquam numquam quiquia magnam dolore tempora. Labore dolor ipsum neque aliquam velit non ut. Etincidunt dolor numquam quaerat quisquam ut modi non.','--','https://m.media-amazon.com/images/I/61WNCVMVS+S._AC_UL320_.jpg',199.99,10000),(77,3,'SAMSUNG Odyssey G3 24-Inch Gaming Monitor, 144hz Monitor, HDMI Monitor, Vertical Monitor, FHD Monitor, AMD FreeSync Premium, G30A (LS24AG302NNXZA)','SAMSUNG Odyssey G3 24-Inch Gaming Monitor, 144hz Monitor, HDMI Monitor, Vertical Monitor, FHD Monitor, AMD FreeSync Premium, G30A (LS24AG302NNXZA)','Eius amet modi dolore. Voluptatem sed aliquam ut neque. Aliquam adipisci porro consectetur neque sed. Dolorem dolorem quisquam quaerat est velit numquam. Labore non numquam sed etincidunt. Ipsum sit sit ut tempora numquam labore. Numquam sit velit quaerat consectetur ut. Tempora modi ipsum tempora ut est ut.','--','https://m.media-amazon.com/images/I/814EGetuvLS._AC_UL320_.jpg',159.99,10000),(78,3,'SAMSUNG 27\" Odyssey G55A QHD 165Hz 1ms FreeSync Curved Gaming Monitor with HDR 10, Futuristic Design for Any Desktop (LS27AG550ENXZA)','SAMSUNG 27\" Odyssey G55A QHD 165Hz 1ms FreeSync Curved Gaming Monitor with HDR 10, Futuristic Design for Any Desktop (LS27AG550ENXZA)','Consectetur ut neque amet etincidunt numquam modi. Voluptatem magnam dolor amet tempora dolorem dolore etincidunt. Neque amet sed sed ipsum. Porro quisquam dolorem velit. Tempora modi dolorem ipsum consectetur eius. Aliquam dolore amet dolorem dolore velit quaerat. Sed adipisci velit quisquam eius velit eius. Sed quisquam porro dolore porro non adipisci.','--','https://m.media-amazon.com/images/I/81a+yL6ii9L._AC_UL320_.jpg',261,10000),(79,3,'SAMSUNG 24\" CRG5 Curved Gaming Monitor, 144Hz, 4ms, Exclusive Gamer Settings, AMD Radeon FreeSync, Eye Saver Mode, 3000:1 Contrast Ratio, Black','SAMSUNG 24\" CRG5 Curved Gaming Monitor, 144Hz, 4ms, Exclusive Gamer Settings, AMD Radeon FreeSync, Eye Saver Mode, 3000:1 Contrast Ratio, Black','Modi sit labore adipisci modi modi. Porro quiquia quiquia neque aliquam eius sit. Velit ut quisquam neque non tempora non voluptatem. Est tempora neque dolorem tempora neque eius. Voluptatem sit sit voluptatem sed quisquam modi labore. Quisquam aliquam magnam ut velit amet dolorem aliquam.','--','https://m.media-amazon.com/images/I/81gS2X1cUGL._AC_UL320_.jpg',149.99,10000),(80,3,'SAMSUNG 49-inch Odyssey G9 Gaming Monitor | QHD, 240hz, 1000R Curved, QLED, NVIDIA G-SYNC & FreeSync | LC49G95TSSNXZA Model','SAMSUNG 49-inch Odyssey G9 Gaming Monitor | QHD, 240hz, 1000R Curved, QLED, NVIDIA G-SYNC & FreeSync | LC49G95TSSNXZA Model','Quaerat consectetur magnam dolor numquam. Consectetur sed velit ut sed. Neque amet velit labore aliquam. Consectetur sed consectetur modi. Quiquia consectetur est est dolore.','--','https://m.media-amazon.com/images/I/61SQz8S+fEL._AC_UL320_.jpg',1099.99,10000),(81,3,'SAMSUNG 32” Odyssey G5 Gaming Monitor, WQHD (2560x1440), 144Hz, Curved, 1ms, HDMI, Display Port, AMD FreeSync Premium, HDR10, LC32G55TQWNXZA, Black','SAMSUNG 32” Odyssey G5 Gaming Monitor, WQHD (2560x1440), 144Hz, Curved, 1ms, HDMI, Display Port, AMD FreeSync Premium, HDR10, LC32G55TQWNXZA, Black','Sit quaerat aliquam aliquam numquam adipisci. Magnam labore quisquam quiquia etincidunt consectetur amet dolore. Modi non velit sed voluptatem voluptatem ut. Quaerat quaerat aliquam velit amet quaerat. Non ipsum amet labore dolorem. Porro non sit sed porro est aliquam non. Dolorem eius neque velit dolor tempora sit ipsum. Eius non labore ipsum ipsum quiquia.','--','https://m.media-amazon.com/images/I/61Lb5JbFxML._AC_UY218_.jpg',312,10000),(82,3,'SAMSUNG T550 Series 27-Inch FHD 1080p Computer Monitor, 75Hz, Curved, Built-in Speakers, HDMI, Display Port, FreeSync (LC27T550FDNXZA)','SAMSUNG T550 Series 27-Inch FHD 1080p Computer Monitor, 75Hz, Curved, Built-in Speakers, HDMI, Display Port, FreeSync (LC27T550FDNXZA)','Eius est quaerat numquam adipisci dolor dolore consectetur. Sed numquam porro eius amet. Tempora labore quiquia dolorem. Sit quiquia dolorem neque. Numquam quaerat quisquam velit.','--','https://m.media-amazon.com/images/I/61WNCVMVS+S._AC_UY218_.jpg',199.99,10000),(83,3,'KOORUI 22 Inch Computer Monitor, FHD 1080P Desktop Display, 75HZ Ultra Thin Bezel/Eye Care/Ergonomic Tilt, HDMI VGA Ports LED Monitor for PC, VESA Mounting','KOORUI 22 Inch Computer Monitor, FHD 1080P Desktop Display, 75HZ Ultra Thin Bezel/Eye Care/Ergonomic Tilt, HDMI VGA Ports LED Monitor for PC, VESA Mounting','Ut consectetur eius ipsum aliquam. Magnam porro non porro dolore tempora. Ut modi magnam voluptatem velit dolor. Sit sit velit eius. Non ut porro numquam amet dolorem magnam consectetur. Ut neque dolor non magnam. Consectetur sit aliquam etincidunt eius ipsum magnam aliquam. Dolore numquam non dolore magnam numquam. Sed quaerat magnam neque non.','--','https://m.media-amazon.com/images/I/71Qjodw6ijL._AC_UY218_.jpg',79.99,10000),(84,3,'ASUS ROG Swift 32” 4K HDR 144Hz DSC Gaming Monitor (PG32UQX) - UHD (3840 x 2160), Mini-LED IPS, G-SYNC Ultimate, Local dimming, Quantum Dot technology, DisplayHDR 1400, Eye Care, DisplayPort, HDMI','ASUS ROG Swift 32” 4K HDR 144Hz DSC Gaming Monitor (PG32UQX) - UHD (3840 x 2160), Mini-LED IPS, G-SYNC Ultimate, Local dimming, Quantum Dot technology, DisplayHDR 1400, Eye Care, DisplayPort, HDMI','Dolorem adipisci etincidunt ut est ut. Quisquam consectetur sit dolore. Etincidunt sit labore non. Numquam quisquam voluptatem dolor magnam neque modi. Amet adipisci sit adipisci aliquam amet etincidunt dolore. Dolorem dolore quaerat aliquam quaerat neque. Voluptatem est amet ipsum est est eius quisquam. Labore tempora velit velit ut modi modi.','--','https://m.media-amazon.com/images/I/815gpY9VuIS._AC_UY218_.jpg',2587.78,10000),(85,3,'SAMSUNG 23.5” CF396 Curved Computer Monitor, AMD FreeSync for Advanced Gaming, 4ms Response Time, Wide Viewing Angle, Ultra Slim Design, LC24F396FHNXZA, Black','SAMSUNG 23.5” CF396 Curved Computer Monitor, AMD FreeSync for Advanced Gaming, 4ms Response Time, Wide Viewing Angle, Ultra Slim Design, LC24F396FHNXZA, Black','Quaerat est est aliquam dolorem. Amet ipsum dolorem modi aliquam aliquam etincidunt. Dolor ipsum ut sit. Sed ipsum neque magnam quiquia. Sit porro aliquam dolor amet ut. Est numquam labore etincidunt amet. Quaerat ipsum numquam dolor ipsum magnam. Numquam aliquam ut labore. Dolore sed est modi aliquam voluptatem dolorem dolor. Sed magnam quaerat numquam dolore velit eius.','--','https://m.media-amazon.com/images/I/91ubktnbNVL._AC_UY218_.jpg',129.99,10000),(86,3,'Dell E2016HV VESA Mountable 20\' Screen LED-Lit Monitor (Renewed)','Dell E2016HV VESA Mountable 20\' Screen LED-Lit Monitor (Renewed)','Ut velit quaerat est numquam. Dolorem quiquia est amet velit. Velit tempora porro est aliquam amet magnam quiquia. Magnam dolorem quiquia labore neque quisquam tempora non. Ut aliquam dolore sit dolore numquam est. Neque quaerat adipisci modi sed non.','--','https://m.media-amazon.com/images/I/71VjLs6obgL._AC_UY218_.jpg',15,10000),(87,3,'SAMSUNG Odyssey G7 Series 27-Inch WQHD (2560x1440) Gaming Monitor, 240Hz, Curved, 1ms, HDMI, G-Sync, FreeSync Premium Pro (LC27G75TQSNXZA)','SAMSUNG Odyssey G7 Series 27-Inch WQHD (2560x1440) Gaming Monitor, 240Hz, Curved, 1ms, HDMI, G-Sync, FreeSync Premium Pro (LC27G75TQSNXZA)','Porro quaerat dolorem quiquia non dolorem ipsum voluptatem. Neque dolore labore quiquia velit tempora dolore dolore. Voluptatem ut modi velit consectetur amet eius. Velit aliquam etincidunt non velit porro. Amet labore amet quisquam.','--','https://m.media-amazon.com/images/I/61Sz-1cB+PL._AC_UY218_.jpg',547.99,10000),(88,3,'Acer SB220Q bi 21.5 Inches Full HD (1920 x 1080) IPS Ultra-Thin Zero Frame Monitor (HDMI & VGA Port), Black','Acer SB220Q bi 21.5 Inches Full HD (1920 x 1080) IPS Ultra-Thin Zero Frame Monitor (HDMI & VGA Port), Black','Aliquam magnam modi consectetur eius. Numquam neque dolor ut adipisci adipisci. Etincidunt non aliquam quaerat numquam tempora quiquia non. Sit adipisci dolorem eius non. Non quisquam quiquia non. Ut amet sit est. Porro aliquam aliquam velit quiquia. Ut porro dolorem est quiquia neque amet. Consectetur modi velit numquam est quaerat porro.','--','https://m.media-amazon.com/images/I/81QpkIctqPL._AC_UY218_.jpg',99.99,9999),(89,3,'LG 32ML600M-B 32” Inch Full HD IPS LED Monitor with HDR 10 - Black','LG 32ML600M-B 32” Inch Full HD IPS LED Monitor with HDR 10 - Black','Tempora tempora quiquia tempora velit dolor. Quisquam consectetur voluptatem est ut labore numquam est. Amet quisquam porro ut. Ut ipsum quaerat etincidunt. Sit ut quisquam dolor aliquam neque.','--','https://m.media-amazon.com/images/I/91-JJJDtMvL._AC_UY218_.jpg',249.99,10000),(90,3,'Optiplex 9020, Intel i7, 16GB, 500GB SSD, 2 New 24in Monitors, WiFi, Windows 10 Pro (Renewed)','Optiplex 9020, Intel i7, 16GB, 500GB SSD, 2 New 24in Monitors, WiFi, Windows 10 Pro (Renewed)','Voluptatem quisquam labore numquam non est dolorem. Voluptatem dolore aliquam amet. Quaerat dolorem tempora modi velit numquam. Tempora ipsum velit consectetur. Labore voluptatem etincidunt velit labore quaerat. Ut consectetur modi tempora.','--','https://m.media-amazon.com/images/I/81RumQX27-L._AC_UY218_.jpg',799,10000),(91,3,'Sceptre 20\" 1600x900 75Hz Ultra Thin LED Monitor 2x HDMI VGA Built-in Speakers, Machine Black Wide Viewing Angle 170° (Horizontal) / 160° (Vertical)','Sceptre 20\" 1600x900 75Hz Ultra Thin LED Monitor 2x HDMI VGA Built-in Speakers, Machine Black Wide Viewing Angle 170° (Horizontal) / 160° (Vertical)','Amet dolorem adipisci ipsum porro est adipisci neque. Numquam labore porro dolore amet voluptatem neque quaerat. Eius neque porro est dolor. Dolore velit eius tempora adipisci non velit. Non amet tempora magnam quiquia. Sit eius sit voluptatem dolorem quaerat numquam eius. Quisquam dolor velit aliquam ipsum etincidunt velit. Dolore consectetur voluptatem labore ut.','--','https://m.media-amazon.com/images/I/51v6h2TfPCL._AC_UY218_.jpg',79.97,10000),(92,3,'ASUS TUF Gaming 27\" 2K HDR Gaming Monitor (VG27BQ) - QHD (2560 x 1440), 165Hz (Supports 144Hz), 0.4ms, Extreme Low Motion Blur, Speaker, G-SYNC Compatible, VESA Mountable, DisplayPort, HDMI','ASUS TUF Gaming 27\" 2K HDR Gaming Monitor (VG27BQ) - QHD (2560 x 1440), 165Hz (Supports 144Hz), 0.4ms, Extreme Low Motion Blur, Speaker, G-SYNC Compatible, VESA Mountable, DisplayPort, HDMI','Amet ipsum consectetur dolore etincidunt. Neque ut ipsum dolor aliquam eius dolor non. Consectetur velit dolor sit voluptatem eius. Etincidunt non dolorem modi labore consectetur. Sed tempora numquam eius adipisci ipsum velit ipsum. Sit quiquia aliquam ipsum quiquia sit dolore. Non est aliquam quisquam. Ipsum adipisci voluptatem voluptatem est etincidunt consectetur amet. Aliquam dolorem adipisci porro etincidunt dolor magnam.','--','https://m.media-amazon.com/images/I/81luoodBfLL._AC_UY218_.jpg',283.28,9999),(93,3,'LG 22MP410-B 22” Full HD (1920 x 1080) VA Display with AMD FreeSync, OnScreen Control - Black','LG 22MP410-B 22” Full HD (1920 x 1080) VA Display with AMD FreeSync, OnScreen Control - Black','Non adipisci adipisci voluptatem ut quiquia numquam voluptatem. Eius labore est quiquia porro non amet. Eius aliquam modi dolorem dolorem voluptatem quaerat. Ipsum sit neque labore. Sit ut etincidunt porro adipisci dolor. Non est consectetur modi aliquam sed labore modi. Etincidunt dolore quiquia sit. Tempora quiquia amet etincidunt quaerat amet porro eius.','--','https://m.media-amazon.com/images/I/81FkwHOydML._AC_UY218_.jpg',15,10000),(94,3,'Dell 27 inch Monitor FHD (1920 x 1080) 16:9 Ratio with Comfortview (TUV-Certified), 75Hz Refresh Rate, 16.7 Million Colors, Anti-Glare Screen with 3H Hardness, Black - SE2722HX','Dell 27 inch Monitor FHD (1920 x 1080) 16:9 Ratio with Comfortview (TUV-Certified), 75Hz Refresh Rate, 16.7 Million Colors, Anti-Glare Screen with 3H Hardness, Black - SE2722HX','Quiquia quisquam neque tempora eius ipsum. Eius est consectetur dolorem magnam porro sed quiquia. Ipsum voluptatem amet consectetur numquam quisquam modi eius. Dolor sed amet modi quisquam aliquam. Voluptatem consectetur non voluptatem ipsum porro est adipisci.','--','https://m.media-amazon.com/images/I/81PVpvJQBeL._AC_UY218_.jpg',129.99,10000),(95,3,'LG 27GL83A-B 27 Inch Ultragear QHD IPS 1ms NVIDIA G-SYNC Compatible Gaming Monitor, Black','LG 27GL83A-B 27 Inch Ultragear QHD IPS 1ms NVIDIA G-SYNC Compatible Gaming Monitor, Black','Velit dolore ipsum dolorem dolor. Consectetur quaerat neque etincidunt. Est sit tempora non eius voluptatem magnam. Adipisci sed non dolorem voluptatem. Eius quiquia quaerat sit consectetur tempora dolore. Dolore eius modi est. Ipsum eius numquam porro quiquia sit est numquam. Adipisci sed numquam sed dolor est dolor amet. Sit ipsum est dolor. Neque non ut dolor aliquam ipsum amet.','--','https://m.media-amazon.com/images/I/81dAe2wXIqL._AC_UY218_.jpg',279.99,10000),(96,3,'Amazon Basics Full HD Monitor with Stand, Powered with AOC Technology, 75Hz, VESA Compatible, 27-Inch','Amazon Basics Full HD Monitor with Stand, Powered with AOC Technology, 75Hz, VESA Compatible, 27-Inch','Neque modi voluptatem dolorem quiquia tempora. Dolorem amet sit adipisci neque ipsum consectetur dolor. Velit labore adipisci non dolorem numquam porro velit. Velit neque etincidunt aliquam magnam. Dolor sed velit amet porro. Sit dolorem numquam modi ut non eius.','--','https://m.media-amazon.com/images/I/91njuONYgzS._AC_UY218_.jpg',129.99,10000),(97,3,'KOORUI 24 Inch Business Computer Monitor Full HD 1920 x 1080p VA Display 75Hz 3000:1 Contrast Ratio with HDMI, VGA, Frameless, 75 x 75 mm VESA Mountable, Ergonomic Tilt, Black','KOORUI 24 Inch Business Computer Monitor Full HD 1920 x 1080p VA Display 75Hz 3000:1 Contrast Ratio with HDMI, VGA, Frameless, 75 x 75 mm VESA Mountable, Ergonomic Tilt, Black','Ut dolor porro dolor ut porro modi. Dolorem velit adipisci ipsum dolor labore dolore. Dolor magnam magnam non eius aliquam labore sed. Aliquam sed velit modi etincidunt quisquam. Tempora quaerat dolor amet magnam tempora.','--','https://m.media-amazon.com/images/I/71TOE0w7DzL._AC_UY218_.jpg',94.99,10000);
/*!40000 ALTER TABLE `ec_product` ENABLE KEYS */;
UNLOCK TABLES;

--
-- Table structure for table `ec_product_detail`
--

DROP TABLE IF EXISTS `ec_product_detail`;
/*!40101 SET @saved_cs_client     = @@character_set_client */;
/*!50503 SET character_set_client = utf8mb4 */;
CREATE TABLE `ec_product_detail` (
  `order_id` int NOT NULL,
  `product_id` int NOT NULL,
  `quantity` int DEFAULT NULL,
  `total` double DEFAULT NULL,
  PRIMARY KEY (`order_id`,`product_id`),
  KEY `fk_product_detail_product1_idx` (`product_id`),
  CONSTRAINT `fk_product_detail_order1` FOREIGN KEY (`order_id`) REFERENCES `ec_order` (`id`),
  CONSTRAINT `fk_product_detail_product1` FOREIGN KEY (`product_id`) REFERENCES `ec_product` (`id`)
) ENGINE=InnoDB DEFAULT CHARSET=utf8mb4 COLLATE=utf8mb4_0900_ai_ci;
/*!40101 SET character_set_client = @saved_cs_client */;

--
-- Dumping data for table `ec_product_detail`
--

LOCK TABLES `ec_product_detail` WRITE;
/*!40000 ALTER TABLE `ec_product_detail` DISABLE KEYS */;
INSERT INTO `ec_product_detail` VALUES (3,18,1,12.99),(3,28,1,36.95),(3,41,1,44.97),(3,65,2,45.96),(3,92,1,283.28),(4,1,1,26.99),(4,16,1,18),(4,28,1,36.95),(4,41,1,44.97),(4,42,1,39.99),(4,65,3,68.94),(5,1,1,26.99),(5,88,1,99.99),(6,41,1,44.97),(6,65,1,22.98);
/*!40000 ALTER TABLE `ec_product_detail` ENABLE KEYS */;
UNLOCK TABLES;

--
-- Table structure for table `ec_registered_user`
--

DROP TABLE IF EXISTS `ec_registered_user`;
/*!40101 SET @saved_cs_client     = @@character_set_client */;
/*!50503 SET character_set_client = utf8mb4 */;
CREATE TABLE `ec_registered_user` (
  `id` int NOT NULL AUTO_INCREMENT,
  `type` int NOT NULL,
  `first_name` varchar(45) DEFAULT NULL,
  `last_name` varchar(45) DEFAULT NULL,
  `username` varchar(45) DEFAULT NULL,
  `password` varchar(45) DEFAULT NULL,
  `profile_pic_url` varchar(45) DEFAULT NULL,
  `active` tinyint DEFAULT NULL,
  `created_date` timestamp NOT NULL,
  `updated_date` timestamp NULL DEFAULT NULL,
  PRIMARY KEY (`id`)
) ENGINE=InnoDB AUTO_INCREMENT=3 DEFAULT CHARSET=utf8mb4 COLLATE=utf8mb4_0900_ai_ci;
/*!40101 SET character_set_client = @saved_cs_client */;

--
-- Dumping data for table `ec_registered_user`
--

LOCK TABLES `ec_registered_user` WRITE;
/*!40000 ALTER TABLE `ec_registered_user` DISABLE KEYS */;
INSERT INTO `ec_registered_user` VALUES (1,2,'Jose','Corcuera','jlcorcuera@gmail.com','e731a7b612ab389fcb7f973c452f33df3eb69c99',NULL,1,'2022-11-03 19:01:23',NULL),(2,2,'Pietro','Ducange','pietro.ducange@unipi.it','e731a7b612ab389fcb7f973c452f33df3eb69c99',NULL,1,'2022-11-04 08:00:22',NULL);
/*!40000 ALTER TABLE `ec_registered_user` ENABLE KEYS */;
UNLOCK TABLES;

--
-- Table structure for table `employee`
--

DROP TABLE IF EXISTS `employee`;
/*!40101 SET @saved_cs_client     = @@character_set_client */;
/*!50503 SET character_set_client = utf8mb4 */;
CREATE TABLE `employee` (
  `id` int NOT NULL AUTO_INCREMENT,
  `name` varchar(20) DEFAULT NULL,
  PRIMARY KEY (`id`)
) ENGINE=InnoDB AUTO_INCREMENT=6 DEFAULT CHARSET=utf8mb4 COLLATE=utf8mb4_0900_ai_ci;
/*!40101 SET character_set_client = @saved_cs_client */;

--
-- Dumping data for table `employee`
--

LOCK TABLES `employee` WRITE;
/*!40000 ALTER TABLE `employee` DISABLE KEYS */;
INSERT INTO `employee` VALUES (1,'Pietro Ducange'),(2,'Jose Corcuera'),(3,'Alessandro Renda'),(4,'Alessio Bechini'),(5,'Francesco Marcelloni');
/*!40000 ALTER TABLE `employee` ENABLE KEYS */;
UNLOCK TABLES;

--
-- Table structure for table `publisher`
--

DROP TABLE IF EXISTS `publisher`;
/*!40101 SET @saved_cs_client     = @@character_set_client */;
/*!50503 SET character_set_client = utf8mb4 */;
CREATE TABLE `publisher` (
  `id` int NOT NULL AUTO_INCREMENT,
  `name` varchar(128) NOT NULL,
  `location` varchar(128) NOT NULL,
  PRIMARY KEY (`id`)
) ENGINE=InnoDB AUTO_INCREMENT=2 DEFAULT CHARSET=utf8mb4 COLLATE=utf8mb4_0900_ai_ci;
/*!40101 SET character_set_client = @saved_cs_client */;

--
-- Dumping data for table `publisher`
--

LOCK TABLES `publisher` WRITE;
/*!40000 ALTER TABLE `publisher` DISABLE KEYS */;
INSERT INTO `publisher` VALUES (1,'Publisher 1','Italy');
/*!40000 ALTER TABLE `publisher` ENABLE KEYS */;
UNLOCK TABLES;
/*!40103 SET TIME_ZONE=@OLD_TIME_ZONE */;

/*!40101 SET SQL_MODE=@OLD_SQL_MODE */;
/*!40014 SET FOREIGN_KEY_CHECKS=@OLD_FOREIGN_KEY_CHECKS */;
/*!40014 SET UNIQUE_CHECKS=@OLD_UNIQUE_CHECKS */;
/*!40101 SET CHARACTER_SET_CLIENT=@OLD_CHARACTER_SET_CLIENT */;
/*!40101 SET CHARACTER_SET_RESULTS=@OLD_CHARACTER_SET_RESULTS */;
/*!40101 SET COLLATION_CONNECTION=@OLD_COLLATION_CONNECTION */;
/*!40111 SET SQL_NOTES=@OLD_SQL_NOTES */;

-- Dump completed on 2022-11-16 10:46:12
